{
  "dataset": "IEMOCAP4_HF_E2E_CV",
  "modalities": [
    "A"
  ],
  "num_classes": 4,
  "num_samples": 1767,
  "metrics": {
    "accuracy": 0.645727221279004,
    "macro_f1": 0.6025920107608488,
    "weighted_f1": 0.6381558774429408,
    "uar": 0.6393531563840231,
    "per_class": {
      "anger": {
        "precision": 0.8043143297380585,
        "recall": 0.73006993006993,
        "f1": 0.7653958944281525
      },
      "joy": {
        "precision": 0.614963503649635,
        "recall": 0.7556053811659192,
        "f1": 0.6780684104627767
      },
      "sadness": {
        "precision": 0.4460227272727273,
        "recall": 0.7584541062801933,
        "f1": 0.5617173524150268
      },
      "neutral": {
        "precision": 0.573394495412844,
        "recall": 0.3132832080200501,
        "f1": 0.4051863857374392
      }
    },
    "support": {
      "anger": 715,
      "joy": 446,
      "sadness": 207,
      "neutral": 399
    }
  }
}