{
  "dataset": "IEMOCAP4_HF_E2E_CV",
  "modalities": [
    "A"
  ],
  "num_classes": 4,
  "num_samples": 2085,
  "metrics": {
    "accuracy": 0.6292565947242206,
    "macro_f1": 0.5765323036053257,
    "weighted_f1": 0.6247019910841203,
    "uar": 0.5754659544042496,
    "per_class": {
      "anger": {
        "precision": 0.7266949152542372,
        "recall": 0.7243928194297783,
        "f1": 0.7255420412480169
      },
      "joy": {
        "precision": 0.5728476821192053,
        "recall": 0.6906187624750499,
        "f1": 0.6262443438914027
      },
      "sadness": {
        "precision": 0.6057347670250897,
        "recall": 0.5504885993485342,
        "f1": 0.5767918088737202
      },
      "neutral": {
        "precision": 0.43023255813953487,
        "recall": 0.33636363636363636,
        "f1": 0.37755102040816324
      }
    },
    "support": {
      "anger": 947,
      "joy": 501,
      "sadness": 307,
      "neutral": 330
    }
  }
}