{
  "dataset": "IEMOCAP4_HF_E2E_CV",
  "modalities": [
    "A",
    "T"
  ],
  "num_classes": 4,
  "num_samples": 1767,
  "metrics": {
    "accuracy": 0.6842105263157895,
    "macro_f1": 0.6576823619262779,
    "weighted_f1": 0.6840843623061128,
    "uar": 0.6783790463662913,
    "per_class": {
      "anger": {
        "precision": 0.8109375,
        "recall": 0.7258741258741259,
        "f1": 0.7660516605166051
      },
      "joy": {
        "precision": 0.7119675456389453,
        "recall": 0.7869955156950673,
        "f1": 0.7476038338658147
      },
      "sadness": {
        "precision": 0.5316901408450704,
        "recall": 0.7294685990338164,
        "f1": 0.615071283095723
      },
      "neutral": {
        "precision": 0.5371428571428571,
        "recall": 0.47117794486215536,
        "f1": 0.5020026702269693
      }
    },
    "support": {
      "anger": 715,
      "joy": 446,
      "sadness": 207,
      "neutral": 399
    }
  }
}