epoch,loss,accuracy,wf1,uar,lr,time_epoch_sec
1,1.2752860168758913,0.4666666666666667,0.484728565940424,0.5200722168749228,2e-05,91.9559296875
2,1.1521011999756885,0.6254196642685851,0.6323750987568494,0.6219824448658077,2e-05,48.8590078125
3,1.1768159105909242,0.6225419664268586,0.6336024050445906,0.5994009159465192,2e-05,49.3828046875
4,1.2667555432811344,0.6359712230215827,0.625319236602796,0.5806598954208253,2e-05,47.72973046875
5,1.2158521508713134,0.6273381294964029,0.6276453020993323,0.6011502039705507,1e-05,48.49146875
6,1.2654117675708065,0.6282973621103117,0.6314324024273635,0.6019357382007143,1e-05,47.5500859375
7,1.2806071310592213,0.6239808153477219,0.6318219517842661,0.6164978556844483,1e-05,50.20073828125
