epoch,loss,accuracy,wf1,uar,lr,time_epoch_sec,optimizer_steps
1,1.4100406742558895,0.40893203883495144,0.4247030089723892,0.40695787990160726,2e-05,91.9559296875,242.0
2,1.1144038388181272,0.6221359223300971,0.6330467278242428,0.621106080446324,2e-05,48.8590078125,242.0
3,0.9793058007280417,0.7027831715210356,0.7101569722570583,0.70904350357534,2e-05,49.3828046875,242.0
4,0.8954634835110513,0.7505501618122977,0.7567168155811496,0.7610148388945281,2e-05,47.72973046875,242.0
5,0.8427246961470175,0.7875728155339806,0.7917217513436274,0.7917974243582027,1e-05,48.49146875,242.0
6,0.7490759861122057,0.8311974110032363,0.8346938027338284,0.8397635941434105,1e-05,47.5500859375,242.0
7,0.7118391553946684,0.8519093851132686,0.8544821143622259,0.8570431820241164,1e-05,50.20073828125,242.0
