epoch,loss,accuracy,wf1,uar
1,1.946341032322921,0.1765262659725509,0.052972081422173356,0.14285714285714285
2,1.9467186148562705,0.1765262659725509,0.052972081422173356,0.14285714285714285
3,1.9469072616218788,0.1765262659725509,0.052972081422173356,0.14285714285714285
4,1.9471481472183279,0.1765262659725509,0.052972081422173356,0.14285714285714285
5,1.9470793626232843,0.1765262659725509,0.052972081422173356,0.14285714285714285
6,1.946811260806967,0.1765262659725509,0.052972081422173356,0.14285714285714285
7,1.9465684052727767,0.1765262659725509,0.052972081422173356,0.14285714285714285
