epoch,loss,accuracy,wf1,uar,lr,time_epoch_sec
1,1.1195835029749432,0.6187253243090807,0.6212755220856393,0.6230954501053508,2e-05,285.49309375
2,1.0823504652804865,0.6565143824027073,0.6750685969327839,0.6768767535592232,2e-05,253.73203125
3,1.0646508166632676,0.7078398195149465,0.7120217650765882,0.6932735811950778,2e-05,254.439015625
4,1.1171760257528922,0.7072758037225042,0.699914456320539,0.694420214693472,2e-05,253.32309375
5,1.0919324879046557,0.6999435984207558,0.7089188208074214,0.7165882228916223,2e-05,255.12365625
6,1.1722002695726932,0.7072758037225042,0.7065038753492926,0.6676316641398115,2e-05,254.42196875
7,1.1377355758241523,0.7033276931754089,0.7027605641576389,0.7143583409028537,2e-05,255.16325
