{
  "dataset": "MER_BUILDER_AT_HF_E2E_MELD_FT_CTX7_A20",
  "modalities": [
    "A",
    "T"
  ],
  "num_classes": 7,
  "num_samples": 3960,
  "metrics": {
    "accuracy": 0.9391414141414142,
    "macro_f1": 0.9365136577649313,
    "weighted_f1": 0.9393080750135929,
    "uar": 0.9345658459266293,
    "per_class": {
      "anger": {
        "precision": 0.9879275653923542,
        "recall": 0.9352380952380952,
        "f1": 0.9608610567514677
      },
      "disgust": {
        "precision": 0.9303621169916435,
        "recall": 0.9597701149425287,
        "f1": 0.9448373408769448
      },
      "fear": {
        "precision": 0.9005424954792043,
        "recall": 0.9343339587242027,
        "f1": 0.9171270718232044
      },
      "joy": {
        "precision": 0.9822485207100592,
        "recall": 0.9222222222222223,
        "f1": 0.9512893982808023
      },
      "neutral": {
        "precision": 0.9090909090909091,
        "recall": 0.9166666666666666,
        "f1": 0.9128630705394191
      },
      "sadness": {
        "precision": 0.9046793760831889,
        "recall": 0.9666666666666667,
        "f1": 0.9346463742166518
      },
      "surprise": {
        "precision": 0.9625246548323472,
        "recall": 0.9070631970260223,
        "f1": 0.9339712918660287
      }
    },
    "support": {
      "anger": 525,
      "disgust": 1044,
      "fear": 533,
      "joy": 540,
      "neutral": 240,
      "sadness": 540,
      "surprise": 538
    }
  }
}