epoch,loss,accuracy,wf1,uar,lr,time_epoch_sec
1,2.2584980598325877,0.06402164111812443,0.06729784331578939,0.16704589250271354,0.001,165.1893125
2,2.1555966820342785,0.20018034265103696,0.1430628671587086,0.24779046355733472,0.001,134.18471875
3,2.132931293078217,0.4012623985572588,0.38253740060193586,0.3367553457457248,0.001,151.538421875
4,2.0815664939347207,0.4616771866546438,0.45091042560142786,0.31125257818348107,0.001,150.826265625
5,2.0959371402523774,0.3841298467087466,0.3772410601481027,0.3355735490844945,0.0005,157.4640625
