{
  "dataset": "IEMOCAP4_HF_E2E_CV",
  "modalities": [
    "A",
    "T"
  ],
  "num_classes": 4,
  "num_samples": 1773,
  "metrics": {
    "accuracy": 0.7490129723632262,
    "macro_f1": 0.7286680446699552,
    "weighted_f1": 0.7458943532782097,
    "uar": 0.7432094908415687,
    "per_class": {
      "anger": {
        "precision": 0.8108108108108109,
        "recall": 0.7616361071932299,
        "f1": 0.7854545454545454
      },
      "joy": {
        "precision": 0.7807971014492754,
        "recall": 0.8654618473895582,
        "f1": 0.820952380952381
      },
      "sadness": {
        "precision": 0.6680497925311203,
        "recall": 0.8131313131313131,
        "f1": 0.7334851936218679
      },
      "neutral": {
        "precision": 0.6242038216560509,
        "recall": 0.532608695652174,
        "f1": 0.5747800586510264
      }
    },
    "support": {
      "anger": 709,
      "joy": 498,
      "sadness": 198,
      "neutral": 368
    }
  }
}