epoch,loss,accuracy,wf1,uar,lr,time_epoch_sec
1,0.9880802655855855,0.8432452735695505,0.8431596942394294,0.8247472963902123,2e-05,1328.655625
2,0.9823638222103231,0.842744459747089,0.8435132803056181,0.82616454601294,2e-05,1332.06475
3,1.0003070550775652,0.8401151871791661,0.840185543439128,0.8177902694363847,2e-05,1320.229125
4,0.9476228719496735,0.8557656191310881,0.8554067586404164,0.8342137894319378,2e-05,1328.858375
5,1.020706011264811,0.8363590835107049,0.8381524959321467,0.8231425994882287,2e-05,1327.270125
6,1.028453142021779,0.8308501314636284,0.8315797963930762,0.8129921205105667,2e-05,1338.627625
7,1.0659434077019414,0.8204582446475522,0.8215677649585887,0.8116922612307372,1e-05,1331.02
8,0.9835833822276396,0.8465005634155502,0.8467258840496494,0.8325492061316133,1e-05,1335.278375
