{
  "dataset": "MER_BUILDER_AT_MFCC80_ROBUST_MODDROP_EMA_MELD_FT",
  "modalities": [
    "A",
    "T"
  ],
  "num_classes": 7,
  "num_samples": 11108,
  "metrics": {
    "accuracy": 0.7418977313647821,
    "macro_f1": 0.7406533043298956,
    "weighted_f1": 0.7505684776108175,
    "uar": 0.7454928677510221,
    "per_class": {
      "anger": {
        "precision": 0.8558977338756537,
        "recall": 0.728486646884273,
        "f1": 0.7870691958322201
      },
      "disgust": {
        "precision": 0.4958241758241758,
        "recall": 0.7310434219053791,
        "f1": 0.5908852802514405
      },
      "fear": {
        "precision": 0.5278058645096056,
        "recall": 0.7352112676056338,
        "f1": 0.6144791053560918
      },
      "joy": {
        "precision": 0.8652674339878131,
        "recall": 0.6744063324538259,
        "f1": 0.7580071174377224
      },
      "neutral": {
        "precision": 0.7763532763532763,
        "recall": 0.7472577696526508,
        "f1": 0.7615277130880298
      },
      "sadness": {
        "precision": 0.8137321549966009,
        "recall": 0.8120759837177748,
        "f1": 0.8129032258064516
      },
      "surprise": {
        "precision": 0.9429373246024322,
        "recall": 0.7899686520376176,
        "f1": 0.8597014925373134
      }
    },
    "support": {
      "anger": 2022,
      "disgust": 1543,
      "fear": 710,
      "joy": 1895,
      "neutral": 2188,
      "sadness": 1474,
      "surprise": 1276
    }
  }
}