{
  "dataset": "MER_BUILDER_AT",
  "modalities": [
    "A",
    "T"
  ],
  "num_classes": 7,
  "num_samples": 2610,
  "metrics": {
    "accuracy": 0.15402298850574714,
    "macro_f1": 0.03813318155947638,
    "weighted_f1": 0.04111370609515959,
    "uar": 0.14285714285714285,
    "per_class": {
      "anger": {
        "precision": 0.0,
        "recall": 0.0,
        "f1": 0.0
      },
      "disgust": {
        "precision": 0.0,
        "recall": 0.0,
        "f1": 0.0
      },
      "fear": {
        "precision": 0.0,
        "recall": 0.0,
        "f1": 0.0
      },
      "joy": {
        "precision": 0.15402298850574714,
        "recall": 1.0,
        "f1": 0.26693227091633465
      },
      "neutral": {
        "precision": 0.0,
        "recall": 0.0,
        "f1": 0.0
      },
      "sadness": {
        "precision": 0.0,
        "recall": 0.0,
        "f1": 0.0
      },
      "surprise": {
        "precision": 0.0,
        "recall": 0.0,
        "f1": 0.0
      }
    },
    "support": {
      "anger": 345,
      "disgust": 68,
      "fear": 50,
      "joy": 402,
      "neutral": 1256,
      "sadness": 208,
      "surprise": 281
    }
  }
}