epoch,loss,accuracy,wf1,uar
1,1.9462095152073655,0.1765262659725509,0.052972081422173356,0.14285714285714285
2,1.9465903540330085,0.1765262659725509,0.052972081422173356,0.14285714285714285
3,1.9470118781259937,0.1765262659725509,0.052972081422173356,0.14285714285714285
4,1.9471367696084176,0.1765262659725509,0.052972081422173356,0.14285714285714285
5,1.9470766252891407,0.1765262659725509,0.052972081422173356,0.14285714285714285
6,1.946828818941816,0.1765262659725509,0.052972081422173356,0.14285714285714285
7,1.9465587672383877,0.1765262659725509,0.052972081422173356,0.14285714285714285
