{
  "dataset": "MER_BUILDER_AT_HF_E2E_MELD_FT_CTX9_A20",
  "modalities": [
    "A",
    "T"
  ],
  "num_classes": 7,
  "num_samples": 3960,
  "metrics": {
    "accuracy": 0.9308080808080809,
    "macro_f1": 0.9263736581704827,
    "weighted_f1": 0.9307034925164294,
    "uar": 0.9217216645852526,
    "per_class": {
      "anger": {
        "precision": 0.9781746031746031,
        "recall": 0.939047619047619,
        "f1": 0.9582118561710399
      },
      "disgust": {
        "precision": 0.9244239631336405,
        "recall": 0.960727969348659,
        "f1": 0.9422263973696571
      },
      "fear": {
        "precision": 0.9109461966604824,
        "recall": 0.9212007504690432,
        "f1": 0.9160447761194029
      },
      "joy": {
        "precision": 0.933579335793358,
        "recall": 0.937037037037037,
        "f1": 0.9353049907578558
      },
      "neutral": {
        "precision": 0.9244444444444444,
        "recall": 0.8666666666666667,
        "f1": 0.8946236559139785
      },
      "sadness": {
        "precision": 0.9233576642335767,
        "recall": 0.937037037037037,
        "f1": 0.9301470588235294
      },
      "surprise": {
        "precision": 0.9264990328820116,
        "recall": 0.8903345724907064,
        "f1": 0.9080568720379147
      }
    },
    "support": {
      "anger": 525,
      "disgust": 1044,
      "fear": 533,
      "joy": 540,
      "neutral": 240,
      "sadness": 540,
      "surprise": 538
    }
  }
}