epoch,loss,accuracy,wf1,uar
1,0.00013127640122547745,1.0,1.0,1.0
2,1.192092824453539e-08,1.0,1.0,1.0
3,0.0,1.0,1.0,1.0
4,0.0,1.0,1.0,1.0
5,0.0,1.0,1.0,1.0
