epoch,loss,accuracy,wf1,uar,lr,time_epoch_sec
1,2.476421890331884,0.569882777276826,0.5713635457489006,0.43525559515842616,1e-05,283.79559375
2,2.4637398778908524,0.581605049594229,0.5687347651029828,0.4112122834055925,1e-05,245.617046875
3,2.500007323793079,0.5752930568079351,0.5637876212969901,0.41310491032321234,5e-06,244.278640625
4,2.468070469319659,0.5870153291253382,0.576609244851957,0.42498643312087264,5e-06,247.0701875
