epoch,loss,accuracy,wf1,uar,lr,time_epoch_sec
1,2.470270081830519,0.5779981965734896,0.5790910863369739,0.4414919689630025,1e-05,296.1713125
2,2.4611279406560445,0.5933273219116321,0.5813637100248253,0.4238845915509613,1e-05,246.038765625
3,2.452398634902844,0.581605049594229,0.5732397955810846,0.42870290464964017,5e-06,245.926984375
4,2.4441384199613703,0.5852119026149685,0.5771952942470163,0.43276152336154483,5e-06,247.322546875
