{
  "dataset": "MER_BUILDER_AT_HF_E2E_ALL_STAGE1",
  "modalities": [
    "A",
    "T"
  ],
  "num_classes": 7,
  "num_samples": 2610,
  "metrics": {
    "accuracy": 0.6206896551724138,
    "macro_f1": 0.3788851236560201,
    "weighted_f1": 0.5818462593789693,
    "uar": 0.3649852991678338,
    "per_class": {
      "anger": {
        "precision": 0.6551724137931034,
        "recall": 0.22028985507246376,
        "f1": 0.3297180043383948
      },
      "disgust": {
        "precision": 0.3333333333333333,
        "recall": 0.04411764705882353,
        "f1": 0.07792207792207792
      },
      "fear": {
        "precision": 0.2,
        "recall": 0.12,
        "f1": 0.15
      },
      "joy": {
        "precision": 0.48210526315789476,
        "recall": 0.5696517412935324,
        "f1": 0.5222348916761688
      },
      "neutral": {
        "precision": 0.6941176470588235,
        "recall": 0.892515923566879,
        "f1": 0.7809125740160223
      },
      "sadness": {
        "precision": 0.5797101449275363,
        "recall": 0.19230769230769232,
        "f1": 0.2888086642599278
      },
      "surprise": {
        "precision": 0.48986486486486486,
        "recall": 0.5160142348754448,
        "f1": 0.5025996533795494
      }
    },
    "support": {
      "anger": 345,
      "disgust": 68,
      "fear": 50,
      "joy": 402,
      "neutral": 1256,
      "sadness": 208,
      "surprise": 281
    }
  }
}