{
  "dataset": "IEMOCAP4_HF_E2E_CV",
  "modalities": [
    "A",
    "T"
  ],
  "num_classes": 4,
  "num_samples": 2063,
  "metrics": {
    "accuracy": 0.7280659234125061,
    "macro_f1": 0.6487873449148004,
    "weighted_f1": 0.7313838614626941,
    "uar": 0.676944343214371,
    "per_class": {
      "anger": {
        "precision": 0.8537313432835821,
        "recall": 0.7674418604651163,
        "f1": 0.8082901554404145
      },
      "joy": {
        "precision": 0.7324414715719063,
        "recall": 0.8096118299445472,
        "f1": 0.7690956979806848
      },
      "sadness": {
        "precision": 0.5684210526315789,
        "recall": 0.7552447552447552,
        "f1": 0.6486486486486487
      },
      "neutral": {
        "precision": 0.362962962962963,
        "recall": 0.37547892720306514,
        "f1": 0.3691148775894539
      }
    },
    "support": {
      "anger": 1118,
      "joy": 541,
      "sadness": 143,
      "neutral": 261
    }
  }
}