{
  "dataset": "IEMOCAP4_HF_E2E_CV",
  "modalities": [
    "A",
    "T"
  ],
  "num_classes": 4,
  "num_samples": 2122,
  "metrics": {
    "accuracy": 0.7163053722902922,
    "macro_f1": 0.6840959651625894,
    "weighted_f1": 0.7158594727072501,
    "uar": 0.6801688066184846,
    "per_class": {
      "anger": {
        "precision": 0.7395397489539749,
        "recall": 0.8230500582072177,
        "f1": 0.7790633608815427
      },
      "joy": {
        "precision": 0.8384615384615385,
        "recall": 0.7100977198697068,
        "f1": 0.7689594356261023
      },
      "sadness": {
        "precision": 0.6470588235294118,
        "recall": 0.6521739130434783,
        "f1": 0.6496062992125984
      },
      "neutral": {
        "precision": 0.5421994884910486,
        "recall": 0.5353535353535354,
        "f1": 0.5387547649301143
      }
    },
    "support": {
      "anger": 859,
      "joy": 614,
      "sadness": 253,
      "neutral": 396
    }
  }
}