epoch,loss,accuracy,wf1,uar,lr,time_epoch_sec
1,1.3078992627999024,0.6124494122181537,0.6062932524059331,0.582940059977937,0.001,929.28425
2,1.275794518478667,0.6471381769126999,0.6440675450094792,0.6644955580771229,0.001,885.549625
3,1.0059839264922437,0.7673925611871266,0.7724854163233107,0.7847137621635417,0.001,883.3158125
4,0.9021654907943518,0.8295432645981885,0.8306700028255968,0.8273460257881621,0.001,885.670875
5,0.8643927746114071,0.8453459240701484,0.8453151345804645,0.8398369837873236,0.001,882.54825
