{
  "dataset": "MER_BUILDER_AT_MFCC80_ROBUST",
  "modalities": [
    "A",
    "T"
  ],
  "num_classes": 7,
  "num_samples": 10247,
  "metrics": {
    "accuracy": 0.7669561822972577,
    "macro_f1": 0.7597325691430763,
    "weighted_f1": 0.7707902045214851,
    "uar": 0.7592725464872518,
    "per_class": {
      "anger": {
        "precision": 0.782703886152162,
        "recall": 0.8446544595392794,
        "f1": 0.8125
      },
      "disgust": {
        "precision": 0.5628415300546448,
        "recall": 0.6683971447112265,
        "f1": 0.6110946306733906
      },
      "fear": {
        "precision": 0.5763358778625954,
        "recall": 0.6499282639885222,
        "f1": 0.6109238031018206
      },
      "joy": {
        "precision": 0.834640522875817,
        "recall": 0.7511764705882353,
        "f1": 0.7907120743034056
      },
      "neutral": {
        "precision": 0.8393162393162393,
        "recall": 0.7553846153846154,
        "f1": 0.7951417004048583
      },
      "sadness": {
        "precision": 0.8191268191268192,
        "recall": 0.8418803418803419,
        "f1": 0.8303477344573235
      },
      "surprise": {
        "precision": 0.9423791821561338,
        "recall": 0.803486529318542,
        "f1": 0.8674080410607357
      }
    },
    "support": {
      "anger": 1693,
      "disgust": 1541,
      "fear": 697,
      "joy": 1700,
      "neutral": 1950,
      "sadness": 1404,
      "surprise": 1262
    }
  }
}