epoch,loss,accuracy,wf1,uar,lr,time_epoch_sec
1,2.332169316930745,0.5834084761045988,0.5807152404060654,0.43213682823248467,1e-05,292.5309375
2,2.3642445576954145,0.5662759242560865,0.5615545558104753,0.419726249336268,1e-05,239.49028125
3,2.365431492558678,0.5834084761045988,0.5731551947954298,0.41022466968196675,5e-06,240.094625
4,2.4202296847798355,0.5752930568079351,0.570700494797005,0.4190159458650364,5e-06,244.042078125
