{
  "dataset": "IEMOCAP4_HF_E2E_CV",
  "modalities": [
    "T"
  ],
  "num_classes": 4,
  "num_samples": 2063,
  "metrics": {
    "accuracy": 0.6626272418807562,
    "macro_f1": 0.5650904736415744,
    "weighted_f1": 0.6744799490231946,
    "uar": 0.5989233648567991,
    "per_class": {
      "anger": {
        "precision": 0.8165983606557377,
        "recall": 0.7128801431127012,
        "f1": 0.7612225405921681
      },
      "joy": {
        "precision": 0.7250922509225092,
        "recall": 0.7264325323475046,
        "f1": 0.7257617728531855
      },
      "sadness": {
        "precision": 0.3651452282157676,
        "recall": 0.6153846153846154,
        "f1": 0.4583333333333333
      },
      "neutral": {
        "precision": 0.29276315789473684,
        "recall": 0.34099616858237547,
        "f1": 0.31504424778761064
      }
    },
    "support": {
      "anger": 1118,
      "joy": 541,
      "sadness": 143,
      "neutral": 261
    }
  }
}