{
  "dataset": "IEMOCAP4_HF_E2E_CV",
  "modalities": [
    "A"
  ],
  "num_classes": 4,
  "num_samples": 1767,
  "metrics": {
    "accuracy": 0.6649688737973967,
    "macro_f1": 0.6341077902229263,
    "weighted_f1": 0.6621269447157582,
    "uar": 0.6476807908399169,
    "per_class": {
      "anger": {
        "precision": 0.782608695652174,
        "recall": 0.7552447552447552,
        "f1": 0.7686832740213523
      },
      "joy": {
        "precision": 0.6680327868852459,
        "recall": 0.7309417040358744,
        "f1": 0.6980728051391863
      },
      "sadness": {
        "precision": 0.5546875,
        "recall": 0.6859903381642513,
        "f1": 0.6133909287257019
      },
      "neutral": {
        "precision": 0.5015015015015015,
        "recall": 0.41854636591478694,
        "f1": 0.4562841530054645
      }
    },
    "support": {
      "anger": 715,
      "joy": 446,
      "sadness": 207,
      "neutral": 399
    }
  }
}