{
  "dataset": "MER_BUILDER_AT_MFCC80_ROBUST_MODDROP_EMA",
  "modalities": [
    "A",
    "T"
  ],
  "num_classes": 7,
  "num_samples": 10247,
  "metrics": {
    "accuracy": 0.7571972284571094,
    "macro_f1": 0.7507756372484186,
    "weighted_f1": 0.7654822725350757,
    "uar": 0.7591155363409694,
    "per_class": {
      "anger": {
        "precision": 0.882943143812709,
        "recall": 0.7796810395747195,
        "f1": 0.8281053952321205
      },
      "disgust": {
        "precision": 0.560044272274488,
        "recall": 0.6567164179104478,
        "f1": 0.6045400238948626
      },
      "fear": {
        "precision": 0.4562334217506631,
        "recall": 0.7403156384505022,
        "f1": 0.5645514223194749
      },
      "joy": {
        "precision": 0.8439189189189189,
        "recall": 0.7347058823529412,
        "f1": 0.7855345911949686
      },
      "neutral": {
        "precision": 0.8594401429422275,
        "recall": 0.74,
        "f1": 0.7952604023146872
      },
      "sadness": {
        "precision": 0.7552050473186119,
        "recall": 0.8525641025641025,
        "f1": 0.8009367681498829
      },
      "surprise": {
        "precision": 0.9551401869158879,
        "recall": 0.8098256735340729,
        "f1": 0.8765008576329331
      }
    },
    "support": {
      "anger": 1693,
      "disgust": 1541,
      "fear": 697,
      "joy": 1700,
      "neutral": 1950,
      "sadness": 1404,
      "surprise": 1262
    }
  }
}