{
  "dataset": "MER_BUILDER_AT_MFCC80_ROBUST_MODDROP_EMA_MELD_FT",
  "modalities": [
    "A",
    "T"
  ],
  "num_classes": 7,
  "num_samples": 2610,
  "metrics": {
    "accuracy": 0.40306513409961686,
    "macro_f1": 0.25582511338956504,
    "weighted_f1": 0.4120390539889966,
    "uar": 0.25684972168502007,
    "per_class": {
      "anger": {
        "precision": 0.30313588850174217,
        "recall": 0.25217391304347825,
        "f1": 0.27531645569620256
      },
      "disgust": {
        "precision": 0.06060606060606061,
        "recall": 0.11764705882352941,
        "f1": 0.08
      },
      "fear": {
        "precision": 0.021739130434782608,
        "recall": 0.06,
        "f1": 0.031914893617021274
      },
      "joy": {
        "precision": 0.3069053708439898,
        "recall": 0.29850746268656714,
        "f1": 0.3026481715006305
      },
      "neutral": {
        "precision": 0.5795548227535037,
        "recall": 0.5597133757961783,
        "f1": 0.5694613203726205
      },
      "sadness": {
        "precision": 0.18421052631578946,
        "recall": 0.16826923076923078,
        "f1": 0.17587939698492464
      },
      "surprise": {
        "precision": 0.37065637065637064,
        "recall": 0.3416370106761566,
        "f1": 0.35555555555555557
      }
    },
    "support": {
      "anger": 345,
      "disgust": 68,
      "fear": 50,
      "joy": 402,
      "neutral": 1256,
      "sadness": 208,
      "surprise": 281
    }
  }
}