epoch,loss,accuracy,wf1,uar,lr,time_epoch_sec,optimizer_steps
1,1.2628207210579663,0.5234365286584608,0.5340216992306461,0.5434757925069263,2e-05,287.85103125,252.0
2,0.988907431868435,0.6873057316921547,0.6954612359432641,0.704266963829414,2e-05,254.396125,252.0
3,0.8495121575344503,0.7739649384558001,0.7784110393087207,0.7912517628869965,2e-05,257.120515625,252.0
4,0.783723189961802,0.8081561606365784,0.8109378950774652,0.8203319626511868,2e-05,254.6163125,252.0
5,0.7448433687715674,0.8342658212109909,0.8362040527230816,0.8495445603852684,1e-05,254.86253125,252.0
6,0.6457689072634322,0.8879771229640682,0.8890400852126082,0.896463490555525,1e-05,253.644171875,252.0
