epoch,loss,accuracy,wf1,uar,lr,time_epoch_sec
1,1.2322414576433849,0.5727221279003961,0.5851096791689099,0.6084687571478369,2e-05,287.85103125
2,1.0663797570678157,0.6808149405772496,0.6817893503749186,0.6918183347165604,2e-05,254.396125
3,1.1724796773150066,0.6621392190152802,0.6549973536929714,0.6698676904726611,2e-05,257.120515625
4,1.127577865940066,0.6513865308432372,0.6576545049601973,0.6763189541688479,2e-05,254.6163125
5,1.2231418630398123,0.6598754951895869,0.6396834811149806,0.6638947201791606,1e-05,254.86253125
6,1.1662779358665216,0.6808149405772496,0.6741320948366079,0.6495982535443393,1e-05,253.644171875
