{
  "dataset": "MER_BUILDER_AT_HF_E2E_ALL_STAGE2",
  "modalities": [
    "A",
    "T"
  ],
  "num_classes": 7,
  "num_samples": 2610,
  "metrics": {
    "accuracy": 0.6,
    "macro_f1": 0.4120474621285117,
    "weighted_f1": 0.5861344714502046,
    "uar": 0.40640946505383707,
    "per_class": {
      "anger": {
        "precision": 0.5586592178770949,
        "recall": 0.2898550724637681,
        "f1": 0.3816793893129771
      },
      "disgust": {
        "precision": 0.48148148148148145,
        "recall": 0.19117647058823528,
        "f1": 0.2736842105263158
      },
      "fear": {
        "precision": 0.13333333333333333,
        "recall": 0.12,
        "f1": 0.12631578947368421
      },
      "joy": {
        "precision": 0.5258215962441315,
        "recall": 0.5572139303482587,
        "f1": 0.5410628019323671
      },
      "neutral": {
        "precision": 0.7307692307692307,
        "recall": 0.7866242038216561,
        "f1": 0.7576687116564417
      },
      "sadness": {
        "precision": 0.38345864661654133,
        "recall": 0.24519230769230768,
        "f1": 0.2991202346041056
      },
      "surprise": {
        "precision": 0.4107142857142857,
        "recall": 0.6548042704626335,
        "f1": 0.50480109739369
      }
    },
    "support": {
      "anger": 345,
      "disgust": 68,
      "fear": 50,
      "joy": 402,
      "neutral": 1256,
      "sadness": 208,
      "surprise": 281
    }
  }
}