{
  "dataset": "IEMOCAP4_HF_E2E_CV",
  "modalities": [
    "T"
  ],
  "num_classes": 4,
  "num_samples": 1767,
  "metrics": {
    "accuracy": 0.642331635540464,
    "macro_f1": 0.5945342776281233,
    "weighted_f1": 0.62825379443806,
    "uar": 0.5907098192785358,
    "per_class": {
      "anger": {
        "precision": 0.6655092592592593,
        "recall": 0.8041958041958042,
        "f1": 0.7283090563647878
      },
      "joy": {
        "precision": 0.7240618101545254,
        "recall": 0.7354260089686099,
        "f1": 0.7296996662958843
      },
      "sadness": {
        "precision": 0.5777777777777777,
        "recall": 0.5024154589371981,
        "f1": 0.537467700258398
      },
      "neutral": {
        "precision": 0.4740740740740741,
        "recall": 0.3208020050125313,
        "f1": 0.38266068759342303
      }
    },
    "support": {
      "anger": 715,
      "joy": 446,
      "sadness": 207,
      "neutral": 399
    }
  }
}