{
  "dataset": "IEMOCAP4_HF_E2E_CV",
  "modalities": [
    "T"
  ],
  "num_classes": 4,
  "num_samples": 1773,
  "metrics": {
    "accuracy": 0.6943034404963339,
    "macro_f1": 0.66240988012514,
    "weighted_f1": 0.6963676801427024,
    "uar": 0.6752108437279859,
    "per_class": {
      "anger": {
        "precision": 0.7604617604617605,
        "recall": 0.7433004231311706,
        "f1": 0.7517831669044223
      },
      "joy": {
        "precision": 0.802547770700637,
        "recall": 0.7590361445783133,
        "f1": 0.7801857585139319
      },
      "sadness": {
        "precision": 0.5037593984962406,
        "recall": 0.6767676767676768,
        "f1": 0.5775862068965517
      },
      "neutral": {
        "precision": 0.5597667638483965,
        "recall": 0.5217391304347826,
        "f1": 0.540084388185654
      }
    },
    "support": {
      "anger": 709,
      "joy": 498,
      "sadness": 198,
      "neutral": 368
    }
  }
}