{
  "dataset": "MER_BUILDER_AT_MFCC80_ROBUST_CLASSBAL",
  "modalities": [
    "A",
    "T"
  ],
  "num_classes": 7,
  "num_samples": 2610,
  "metrics": {
    "accuracy": 0.4482758620689655,
    "macro_f1": 0.2383889102807357,
    "weighted_f1": 0.4231601992739435,
    "uar": 0.23581743737693758,
    "per_class": {
      "anger": {
        "precision": 0.3220338983050847,
        "recall": 0.22028985507246376,
        "f1": 0.26161790017211706
      },
      "disgust": {
        "precision": 0.030303030303030304,
        "recall": 0.014705882352941176,
        "f1": 0.019801980198019802
      },
      "fear": {
        "precision": 0.029850746268656716,
        "recall": 0.04,
        "f1": 0.03418803418803419
      },
      "joy": {
        "precision": 0.2822085889570552,
        "recall": 0.22885572139303484,
        "f1": 0.25274725274725274
      },
      "neutral": {
        "precision": 0.5616613418530352,
        "recall": 0.6998407643312102,
        "f1": 0.6231832683445586
      },
      "sadness": {
        "precision": 0.1415929203539823,
        "recall": 0.07692307692307693,
        "f1": 0.09968847352024922
      },
      "surprise": {
        "precision": 0.3851851851851852,
        "recall": 0.3701067615658363,
        "f1": 0.37749546279491836
      }
    },
    "support": {
      "anger": 345,
      "disgust": 68,
      "fear": 50,
      "joy": 402,
      "neutral": 1256,
      "sadness": 208,
      "surprise": 281
    }
  }
}