{
  "dataset": "MER_BUILDER_AT_HF_E2E_MELD_FT",
  "modalities": [
    "A",
    "T"
  ],
  "num_classes": 7,
  "num_samples": 3960,
  "metrics": {
    "accuracy": 0.1808080808080808,
    "macro_f1": 0.16464704188907345,
    "weighted_f1": 0.18587467970887692,
    "uar": 0.17896354450364213,
    "per_class": {
      "anger": {
        "precision": 0.3042168674698795,
        "recall": 0.19238095238095237,
        "f1": 0.23570595099183198
      },
      "disgust": {
        "precision": 0.28637627432808155,
        "recall": 0.2959770114942529,
        "f1": 0.29109750353273667
      },
      "fear": {
        "precision": 0.18333333333333332,
        "recall": 0.06191369606003752,
        "f1": 0.09256661991584852
      },
      "joy": {
        "precision": 0.25183374083129584,
        "recall": 0.19074074074074074,
        "f1": 0.21707060063224448
      },
      "neutral": {
        "precision": 0.05530253741054001,
        "recall": 0.3541666666666667,
        "f1": 0.09566685424873382
      },
      "sadness": {
        "precision": 0.2366412213740458,
        "recall": 0.11481481481481481,
        "f1": 0.1546134663341646
      },
      "surprise": {
        "precision": 0.14285714285714285,
        "recall": 0.04275092936802974,
        "f1": 0.06580829756795423
      }
    },
    "support": {
      "anger": 525,
      "disgust": 1044,
      "fear": 533,
      "joy": 540,
      "neutral": 240,
      "sadness": 540,
      "surprise": 538
    }
  }
}