{
  "dataset": "IEMOCAP4_HF_E2E_CV",
  "modalities": [
    "A",
    "T"
  ],
  "num_classes": 4,
  "num_samples": 1773,
  "metrics": {
    "accuracy": 0.7213761985335589,
    "macro_f1": 0.7034585461980537,
    "weighted_f1": 0.7205328569318997,
    "uar": 0.7199395136018484,
    "per_class": {
      "anger": {
        "precision": 0.824212271973466,
        "recall": 0.7009873060648801,
        "f1": 0.7576219512195121
      },
      "joy": {
        "precision": 0.7614035087719299,
        "recall": 0.8714859437751004,
        "f1": 0.8127340823970037
      },
      "sadness": {
        "precision": 0.6623931623931624,
        "recall": 0.7828282828282829,
        "f1": 0.7175925925925926
      },
      "neutral": {
        "precision": 0.5273224043715847,
        "recall": 0.5244565217391305,
        "f1": 0.5258855585831063
      }
    },
    "support": {
      "anger": 709,
      "joy": 498,
      "sadness": 198,
      "neutral": 368
    }
  }
}