{
  "dataset": "IEMOCAP4_HF_E2E_CV",
  "modalities": [
    "A"
  ],
  "num_classes": 4,
  "num_samples": 2085,
  "metrics": {
    "accuracy": 0.6489208633093525,
    "macro_f1": 0.6218545748803765,
    "weighted_f1": 0.6563902439587941,
    "uar": 0.6314893956473812,
    "per_class": {
      "anger": {
        "precision": 0.7724056603773585,
        "recall": 0.6916578669482577,
        "f1": 0.7298050139275766
      },
      "joy": {
        "precision": 0.6832971800433839,
        "recall": 0.6287425149700598,
        "f1": 0.6548856548856549
      },
      "sadness": {
        "precision": 0.6206896551724138,
        "recall": 0.6449511400651465,
        "f1": 0.6325878594249201
      },
      "neutral": {
        "precision": 0.4048140043763676,
        "recall": 0.5606060606060606,
        "f1": 0.4701397712833545
      }
    },
    "support": {
      "anger": 947,
      "joy": 501,
      "sadness": 307,
      "neutral": 330
    }
  }
}