{
  "dataset": "MER_BUILDER_AT_MFCC80_ROBUST_CLASSBAL_MODDROP_EMA",
  "modalities": [
    "A",
    "T"
  ],
  "num_classes": 7,
  "num_samples": 2610,
  "metrics": {
    "accuracy": 0.42030651340996167,
    "macro_f1": 0.2468973222613593,
    "weighted_f1": 0.41580342328451664,
    "uar": 0.25012579661994006,
    "per_class": {
      "anger": {
        "precision": 0.2653061224489796,
        "recall": 0.22608695652173913,
        "f1": 0.24413145539906103
      },
      "disgust": {
        "precision": 0.02,
        "recall": 0.014705882352941176,
        "f1": 0.01694915254237288
      },
      "fear": {
        "precision": 0.045454545454545456,
        "recall": 0.06,
        "f1": 0.05172413793103448
      },
      "joy": {
        "precision": 0.2834467120181406,
        "recall": 0.31094527363184077,
        "f1": 0.29655990510083036
      },
      "neutral": {
        "precision": 0.582942097026604,
        "recall": 0.5931528662420382,
        "f1": 0.5880031570639306
      },
      "sadness": {
        "precision": 0.15483870967741936,
        "recall": 0.11538461538461539,
        "f1": 0.1322314049586777
      },
      "surprise": {
        "precision": 0.37116564417177916,
        "recall": 0.4306049822064057,
        "f1": 0.3986820428336079
      }
    },
    "support": {
      "anger": 345,
      "disgust": 68,
      "fear": 50,
      "joy": 402,
      "neutral": 1256,
      "sadness": 208,
      "surprise": 281
    }
  }
}