epoch,loss,accuracy,wf1,uar,lr,time_epoch_sec
1,1.9219782060067647,0.48512173128944996,0.5047605261107577,0.4192784120309708,1e-05,276.40403125
2,1.8928464093221211,0.5284039675383229,0.5397457686880572,0.45461128897967124,1e-05,262.63409375
3,1.8612495395275146,0.5608656447249775,0.5885505635780816,0.4952669646353853,1e-05,263.44371875
4,1.90829386487536,0.5644724977457168,0.5750394284903592,0.4765107305474866,1e-05,263.587
5,1.9412491639741807,0.545536519386835,0.5649519996332101,0.47005968064837667,5e-06,265.741125
6,1.9526403820976896,0.5779981965734896,0.5872239662477676,0.47597361329445914,5e-06,244.412375
