epoch,loss,accuracy,wf1,uar,lr,time_epoch_sec,optimizer_steps
1,1.9952840039603332,0.5300830914005406,0.5531007537827296,0.40147090321357076,1e-05,276.40403125,313.0
2,1.8730621507234886,0.570027029732706,0.5985316140157072,0.4755824805727197,1e-05,262.63409375,313.0
3,1.7662545504041567,0.6208829712683952,0.6414654454304375,0.5600479422357939,1e-05,263.44371875,313.0
4,1.6779175456764344,0.6564220642706977,0.6732551706595253,0.6218975266871966,1e-05,263.587,313.0
5,1.5829030775023791,0.6970667734507959,0.7085624609253866,0.6817667998884157,5e-06,265.741125,313.0
6,1.4560802760741436,0.7488237060766844,0.7561796108034361,0.7548125476198446,5e-06,244.412375,313.0
