{
  "dataset": "MER_BUILDER_AT_HF_E2E",
  "modalities": [
    "A",
    "T"
  ],
  "num_classes": 7,
  "num_samples": 3960,
  "metrics": {
    "accuracy": 0.6954545454545454,
    "macro_f1": 0.6812099230275329,
    "weighted_f1": 0.6951602433801118,
    "uar": 0.6754702960229857,
    "per_class": {
      "anger": {
        "precision": 0.6942003514938488,
        "recall": 0.7523809523809524,
        "f1": 0.7221206581352834
      },
      "disgust": {
        "precision": 0.720491029272899,
        "recall": 0.7308429118773946,
        "f1": 0.7256300523062292
      },
      "fear": {
        "precision": 0.6233766233766234,
        "recall": 0.7204502814258912,
        "f1": 0.6684073107049608
      },
      "joy": {
        "precision": 0.8368794326241135,
        "recall": 0.6555555555555556,
        "f1": 0.735202492211838
      },
      "neutral": {
        "precision": 0.6629834254143646,
        "recall": 0.5,
        "f1": 0.5700712589073634
      },
      "sadness": {
        "precision": 0.6510851419031719,
        "recall": 0.7222222222222222,
        "f1": 0.684811237928007
      },
      "surprise": {
        "precision": 0.6783625730994152,
        "recall": 0.6468401486988847,
        "f1": 0.6622264509990485
      }
    },
    "support": {
      "anger": 525,
      "disgust": 1044,
      "fear": 533,
      "joy": 540,
      "neutral": 240,
      "sadness": 540,
      "surprise": 538
    }
  }
}