{
  "dataset": "MER_BUILDER_AT_HF_E2E_ALL_STAGE2",
  "modalities": [
    "A",
    "T"
  ],
  "num_classes": 7,
  "num_samples": 3960,
  "metrics": {
    "accuracy": 0.9196969696969697,
    "macro_f1": 0.9147752887499022,
    "weighted_f1": 0.9200534660156607,
    "uar": 0.9134078727835078,
    "per_class": {
      "anger": {
        "precision": 0.9780439121756487,
        "recall": 0.9333333333333333,
        "f1": 0.9551656920077972
      },
      "disgust": {
        "precision": 0.8777292576419214,
        "recall": 0.9626436781609196,
        "f1": 0.918227501142074
      },
      "fear": {
        "precision": 0.9190207156308852,
        "recall": 0.9155722326454033,
        "f1": 0.9172932330827067
      },
      "joy": {
        "precision": 0.9428007889546351,
        "recall": 0.8851851851851852,
        "f1": 0.9130850047755492
      },
      "neutral": {
        "precision": 0.7934782608695652,
        "recall": 0.9125,
        "f1": 0.8488372093023255
      },
      "sadness": {
        "precision": 0.9387755102040817,
        "recall": 0.937037037037037,
        "f1": 0.93790546802595
      },
      "surprise": {
        "precision": 0.9891540130151844,
        "recall": 0.8475836431226765,
        "f1": 0.9129129129129129
      }
    },
    "support": {
      "anger": 525,
      "disgust": 1044,
      "fear": 533,
      "joy": 540,
      "neutral": 240,
      "sadness": 540,
      "surprise": 538
    }
  }
}