epoch,loss,accuracy,wf1,uar,lr,time_epoch_sec
1,2.3467330216716493,0.5770964833183048,0.5690139794051403,0.4194168155563535,1e-05,281.4240625
2,2.361702223529248,0.581605049594229,0.5786985147711146,0.4404682561885584,1e-05,246.570375
3,2.3374402916463675,0.5924256086564472,0.5792419403041061,0.431311298674836,1e-05,245.056375
4,2.4129063270455338,0.5743913435527502,0.5692502899891355,0.42975680805898026,5e-06,247.249734375
5,2.376384215595703,0.5825067628494139,0.5801893991421528,0.4360018830688072,5e-06,246.224109375
