epoch,loss,accuracy,wf1,uar
1,1.487390359242757,0.3333333333333333,0.31527777777777777,0.37222222222222223
