epoch,loss,accuracy,wf1,uar
1,1.2310507694880168,0.4166666666666667,0.4247216599190284,0.4134199134199134
