epoch,loss,accuracy,wf1,uar,lr,time_epoch_sec
1,1.276028316776786,0.6136694134755211,0.5794655127021993,0.5002623947023963,2e-05,277.41321875
2,1.1536748136528707,0.6437227338826951,0.655892214477102,0.5984116371461897,2e-05,221.77071875
3,1.2611225937040351,0.6539020843431895,0.6151169781520928,0.49058720524730637,2e-05,219.4301875
4,1.1500918775060138,0.679108095007271,0.6751300110237108,0.6140815610146441,2e-05,220.13071875
5,1.265386756276599,0.639844886088221,0.6239759446437265,0.5411117884026988,2e-05,221.64359375
6,1.2094618270134845,0.6311197285506543,0.6398032731850467,0.6253646200307467,2e-05,219.8585
7,1.1747554691740454,0.6742607852641784,0.6628636149643862,0.6046441217189275,2e-05,222.3789375
8,1.3273574885556956,0.6320891904992729,0.6454624762996852,0.6043820882337203,2e-05,220.63009375
