{
  "dataset": "MER_BUILDER_AT_HF_E2E_ALL_STAGE1",
  "modalities": [
    "A",
    "T"
  ],
  "num_classes": 7,
  "num_samples": 3960,
  "metrics": {
    "accuracy": 0.7277777777777777,
    "macro_f1": 0.6820124293703327,
    "weighted_f1": 0.7190863090221208,
    "uar": 0.6581675826013236,
    "per_class": {
      "anger": {
        "precision": 0.9797979797979798,
        "recall": 0.5542857142857143,
        "f1": 0.708029197080292
      },
      "disgust": {
        "precision": 0.6291348600508906,
        "recall": 0.9473180076628352,
        "f1": 0.7561162079510704
      },
      "fear": {
        "precision": 0.6338418862690708,
        "recall": 0.8574108818011257,
        "f1": 0.7288676236044657
      },
      "joy": {
        "precision": 0.8164705882352942,
        "recall": 0.6425925925925926,
        "f1": 0.7191709844559585
      },
      "neutral": {
        "precision": 0.5192307692307693,
        "recall": 0.225,
        "f1": 0.313953488372093
      },
      "sadness": {
        "precision": 0.9262295081967213,
        "recall": 0.6277777777777778,
        "f1": 0.7483443708609272
      },
      "surprise": {
        "precision": 0.8526315789473684,
        "recall": 0.7527881040892194,
        "f1": 0.7996051332675223
      }
    },
    "support": {
      "anger": 525,
      "disgust": 1044,
      "fear": 533,
      "joy": 540,
      "neutral": 240,
      "sadness": 540,
      "surprise": 538
    }
  }
}