epoch,loss,accuracy,wf1,uar,lr,time_epoch_sec
1,2.486561999222091,0.5770964833183048,0.5750790940671989,0.4288087691860046,1e-05,276.136625
2,2.444179916295842,0.5915238954012624,0.5835148037216059,0.44050769338302836,1e-05,245.426328125
3,2.4327906135829105,0.5987376014427412,0.5844640858964165,0.430434298461088,1e-05,243.884703125
4,2.4894725083229883,0.5861136158701533,0.5734169326619829,0.4170646767648772,5e-06,245.470640625
5,2.4626023081426043,0.5924256086564472,0.5809418349251068,0.42200668134388974,5e-06,245.47334375
