epoch,loss,accuracy,wf1,uar,lr,time_epoch_sec
1,2.4775153114733337,0.581605049594229,0.5785312267918243,0.4289312076025146,1e-05,313.20034375
2,2.4308928185695997,0.5861136158701533,0.5798024106851866,0.42708826758563007,1e-05,245.3903125
3,2.4535780793595037,0.5933273219116321,0.5789279648643988,0.42242895049079154,5e-06,243.80671875
4,2.4338443513600216,0.5960324616771867,0.584689071587097,0.4281330803313419,5e-06,246.32384375
