{
  "dataset": "MER_BUILDER_AT_MFCC80_ROBUST_MODDROP_EMA",
  "modalities": [
    "A",
    "T"
  ],
  "num_classes": 7,
  "num_samples": 11108,
  "metrics": {
    "accuracy": 0.7427079582283039,
    "macro_f1": 0.7414040336622929,
    "weighted_f1": 0.7510109209274387,
    "uar": 0.7419510816965754,
    "per_class": {
      "anger": {
        "precision": 0.870059880239521,
        "recall": 0.718595450049456,
        "f1": 0.7871072589382448
      },
      "disgust": {
        "precision": 0.5027447392497713,
        "recall": 0.712248865845755,
        "f1": 0.5894341646554035
      },
      "fear": {
        "precision": 0.5382978723404256,
        "recall": 0.7126760563380282,
        "f1": 0.6133333333333333
      },
      "joy": {
        "precision": 0.8486029889538661,
        "recall": 0.6891820580474934,
        "f1": 0.7606290040768783
      },
      "neutral": {
        "precision": 0.7285048708174502,
        "recall": 0.7861060329067642,
        "f1": 0.7562101560782589
      },
      "sadness": {
        "precision": 0.8491253644314869,
        "recall": 0.7903663500678426,
        "f1": 0.8186929023190442
      },
      "surprise": {
        "precision": 0.9625,
        "recall": 0.7844827586206896,
        "f1": 0.8644214162348878
      }
    },
    "support": {
      "anger": 2022,
      "disgust": 1543,
      "fear": 710,
      "joy": 1895,
      "neutral": 2188,
      "sadness": 1474,
      "surprise": 1276
    }
  }
}