{
  "dataset": "MER_BUILDER_AT_MFCC80_ROBUST_CLASSBAL_MODDROP",
  "modalities": [
    "A",
    "T"
  ],
  "num_classes": 7,
  "num_samples": 10247,
  "metrics": {
    "accuracy": 0.7442178198497121,
    "macro_f1": 0.7441460853954108,
    "weighted_f1": 0.7611268163340459,
    "uar": 0.7513120248717627,
    "per_class": {
      "anger": {
        "precision": 0.9164835164835164,
        "recall": 0.7389249852333136,
        "f1": 0.8181818181818182
      },
      "disgust": {
        "precision": 0.5073774393146121,
        "recall": 0.6917585983127839,
        "f1": 0.5853926414058209
      },
      "fear": {
        "precision": 0.39387755102040817,
        "recall": 0.830703012912482,
        "f1": 0.5343793262574988
      },
      "joy": {
        "precision": 0.8512931034482759,
        "recall": 0.6970588235294117,
        "f1": 0.7664941785252264
      },
      "neutral": {
        "precision": 0.8443213296398892,
        "recall": 0.7815384615384615,
        "f1": 0.8117177097203728
      },
      "sadness": {
        "precision": 0.9491211840888066,
        "recall": 0.7307692307692307,
        "f1": 0.8257545271629778
      },
      "surprise": {
        "precision": 0.9632139399806389,
        "recall": 0.7884310618066561,
        "f1": 0.8671023965141612
      }
    },
    "support": {
      "anger": 1693,
      "disgust": 1541,
      "fear": 697,
      "joy": 1700,
      "neutral": 1950,
      "sadness": 1404,
      "surprise": 1262
    }
  }
}