{
  "dataset": "MER_BUILDER_AT_HF_E2E_MELD_FT_CTX9_A20",
  "modalities": [
    "A",
    "T"
  ],
  "num_classes": 7,
  "num_samples": 2610,
  "metrics": {
    "accuracy": 0.5942528735632184,
    "macro_f1": 0.4195792212810912,
    "weighted_f1": 0.5938580561334713,
    "uar": 0.42695237282383397,
    "per_class": {
      "anger": {
        "precision": 0.5042735042735043,
        "recall": 0.34202898550724636,
        "f1": 0.4075993091537133
      },
      "disgust": {
        "precision": 0.22077922077922077,
        "recall": 0.25,
        "f1": 0.23448275862068965
      },
      "fear": {
        "precision": 0.10416666666666667,
        "recall": 0.2,
        "f1": 0.136986301369863
      },
      "joy": {
        "precision": 0.51340206185567,
        "recall": 0.6194029850746269,
        "f1": 0.5614430665163472
      },
      "neutral": {
        "precision": 0.7559808612440191,
        "recall": 0.7547770700636943,
        "f1": 0.7553784860557768
      },
      "sadness": {
        "precision": 0.3684210526315789,
        "recall": 0.30288461538461536,
        "f1": 0.3324538258575198
      },
      "surprise": {
        "precision": 0.49829351535836175,
        "recall": 0.5195729537366548,
        "f1": 0.5087108013937283
      }
    },
    "support": {
      "anger": 345,
      "disgust": 68,
      "fear": 50,
      "joy": 402,
      "neutral": 1256,
      "sadness": 208,
      "surprise": 281
    }
  }
}