{
  "dataset": "MER_BUILDER_AT_MFCC80_ROBUST_MODDROP",
  "modalities": [
    "A",
    "T"
  ],
  "num_classes": 7,
  "num_samples": 2610,
  "metrics": {
    "accuracy": 0.43103448275862066,
    "macro_f1": 0.25917249793622876,
    "weighted_f1": 0.42281727603445407,
    "uar": 0.2570316866543612,
    "per_class": {
      "anger": {
        "precision": 0.2579710144927536,
        "recall": 0.2579710144927536,
        "f1": 0.2579710144927536
      },
      "disgust": {
        "precision": 0.08333333333333333,
        "recall": 0.04411764705882353,
        "f1": 0.057692307692307696
      },
      "fear": {
        "precision": 0.06349206349206349,
        "recall": 0.08,
        "f1": 0.07079646017699115
      },
      "joy": {
        "precision": 0.2847222222222222,
        "recall": 0.30597014925373134,
        "f1": 0.2949640287769784
      },
      "neutral": {
        "precision": 0.5797317436661699,
        "recall": 0.6194267515923567,
        "f1": 0.5989222478829869
      },
      "sadness": {
        "precision": 0.29,
        "recall": 0.13942307692307693,
        "f1": 0.18831168831168832
      },
      "surprise": {
        "precision": 0.339041095890411,
        "recall": 0.35231316725978645,
        "f1": 0.34554973821989526
      }
    },
    "support": {
      "anger": 345,
      "disgust": 68,
      "fear": 50,
      "joy": 402,
      "neutral": 1256,
      "sadness": 208,
      "surprise": 281
    }
  }
}