{
  "dataset": "MER_BUILDER_AT",
  "modalities": [
    "A",
    "T"
  ],
  "num_classes": 7,
  "num_samples": 2610,
  "metrics": {
    "accuracy": 0.45440613026819926,
    "macro_f1": 0.2369003182548439,
    "weighted_f1": 0.4232217118210773,
    "uar": 0.23769486304283707,
    "per_class": {
      "anger": {
        "precision": 0.2824858757062147,
        "recall": 0.14492753623188406,
        "f1": 0.19157088122605365
      },
      "disgust": {
        "precision": 0.09090909090909091,
        "recall": 0.014705882352941176,
        "f1": 0.02531645569620253
      },
      "fear": {
        "precision": 0.02631578947368421,
        "recall": 0.02,
        "f1": 0.022727272727272728
      },
      "joy": {
        "precision": 0.30673316708229426,
        "recall": 0.30597014925373134,
        "f1": 0.30635118306351183
      },
      "neutral": {
        "precision": 0.560558021559924,
        "recall": 0.7038216560509554,
        "f1": 0.6240734204024003
      },
      "sadness": {
        "precision": 0.18,
        "recall": 0.08653846153846154,
        "f1": 0.11688311688311688
      },
      "surprise": {
        "precision": 0.3562091503267974,
        "recall": 0.3879003558718861,
        "f1": 0.37137989778534924
      }
    },
    "support": {
      "anger": 345,
      "disgust": 68,
      "fear": 50,
      "joy": 402,
      "neutral": 1256,
      "sadness": 208,
      "surprise": 281
    }
  }
}