{
  "dataset": "MER_BUILDER_AT_HF_E2E_ALL_STAGE2",
  "modalities": [
    "A",
    "T"
  ],
  "num_classes": 7,
  "num_samples": 2610,
  "metrics": {
    "accuracy": 0.6126436781609196,
    "macro_f1": 0.42715382939264057,
    "weighted_f1": 0.6035915776645634,
    "uar": 0.4204231115786995,
    "per_class": {
      "anger": {
        "precision": 0.4899328859060403,
        "recall": 0.42318840579710143,
        "f1": 0.45412130637636083
      },
      "disgust": {
        "precision": 0.20967741935483872,
        "recall": 0.19117647058823528,
        "f1": 0.2
      },
      "fear": {
        "precision": 0.18604651162790697,
        "recall": 0.16,
        "f1": 0.17204301075268819
      },
      "joy": {
        "precision": 0.526431718061674,
        "recall": 0.5945273631840796,
        "f1": 0.5584112149532711
      },
      "neutral": {
        "precision": 0.7401045556385362,
        "recall": 0.7890127388535032,
        "f1": 0.7637764932562621
      },
      "sadness": {
        "precision": 0.452991452991453,
        "recall": 0.2548076923076923,
        "f1": 0.3261538461538461
      },
      "surprise": {
        "precision": 0.5016835016835017,
        "recall": 0.5302491103202847,
        "f1": 0.5155709342560554
      }
    },
    "support": {
      "anger": 345,
      "disgust": 68,
      "fear": 50,
      "joy": 402,
      "neutral": 1256,
      "sadness": 208,
      "surprise": 281
    }
  }
}