{
  "dataset": "IEMOCAP4_HF_E2E_CV",
  "modalities": [
    "A"
  ],
  "num_classes": 4,
  "num_samples": 1773,
  "metrics": {
    "accuracy": 0.6565143824027073,
    "macro_f1": 0.6269455482739653,
    "weighted_f1": 0.6490064299606045,
    "uar": 0.633061447905046,
    "per_class": {
      "anger": {
        "precision": 0.7196531791907514,
        "recall": 0.7023977433004231,
        "f1": 0.7109207708779444
      },
      "joy": {
        "precision": 0.6556291390728477,
        "recall": 0.7951807228915663,
        "f1": 0.7186932849364791
      },
      "sadness": {
        "precision": 0.6201923076923077,
        "recall": 0.6515151515151515,
        "f1": 0.6354679802955665
      },
      "neutral": {
        "precision": 0.5241635687732342,
        "recall": 0.38315217391304346,
        "f1": 0.4427001569858713
      }
    },
    "support": {
      "anger": 709,
      "joy": 498,
      "sadness": 198,
      "neutral": 368
    }
  }
}