epoch,loss,accuracy,wf1,uar,lr,time_epoch_sec
1,2.348035180858925,0.5770964833183048,0.576085090248095,0.44215512344972474,1e-05,278.51225
2,2.375670322864522,0.5563570784490532,0.5558548007005284,0.4213392228953091,1e-05,245.101859375
3,2.3919606017464448,0.5599639314697926,0.5565377168004851,0.43400848108143275,5e-06,244.460890625
4,2.419203899485018,0.5662759242560865,0.5650342434108012,0.42753857289204383,5e-06,246.1600625
