{
  "dataset": "IEMOCAP4_HF_E2E_CV",
  "modalities": [
    "A"
  ],
  "num_classes": 4,
  "num_samples": 2122,
  "metrics": {
    "accuracy": 0.649387370405278,
    "macro_f1": 0.6177368185110537,
    "weighted_f1": 0.6509196713844954,
    "uar": 0.614487055358742,
    "per_class": {
      "anger": {
        "precision": 0.728110599078341,
        "recall": 0.7357392316647264,
        "f1": 0.7319050376375217
      },
      "joy": {
        "precision": 0.6889279437609842,
        "recall": 0.6384364820846905,
        "f1": 0.6627218934911243
      },
      "sadness": {
        "precision": 0.6073059360730594,
        "recall": 0.525691699604743,
        "f1": 0.5635593220338984
      },
      "neutral": {
        "precision": 0.4742489270386266,
        "recall": 0.5580808080808081,
        "f1": 0.5127610208816705
      }
    },
    "support": {
      "anger": 859,
      "joy": 614,
      "sadness": 253,
      "neutral": 396
    }
  }
}