{
  "dataset": "IEMOCAP4_HF_E2E_CV",
  "modalities": [
    "T"
  ],
  "num_classes": 4,
  "num_samples": 2063,
  "metrics": {
    "accuracy": 0.6679592825981581,
    "macro_f1": 0.5811796178886642,
    "weighted_f1": 0.6821744625129449,
    "uar": 0.6226808670153289,
    "per_class": {
      "anger": {
        "precision": 0.8452380952380952,
        "recall": 0.6985688729874776,
        "f1": 0.7649363369245837
      },
      "joy": {
        "precision": 0.7069271758436945,
        "recall": 0.7356746765249538,
        "f1": 0.7210144927536232
      },
      "sadness": {
        "precision": 0.38271604938271603,
        "recall": 0.6503496503496503,
        "f1": 0.48186528497409326
      },
      "neutral": {
        "precision": 0.3183183183183183,
        "recall": 0.4061302681992337,
        "f1": 0.3569023569023569
      }
    },
    "support": {
      "anger": 1118,
      "joy": 541,
      "sadness": 143,
      "neutral": 261
    }
  }
}