epoch,loss,accuracy,wf1,uar,lr,time_epoch_sec,optimizer_steps
1,0.8102773065484145,0.9760227435273924,0.9760414863288774,0.9727951222783282,2e-05,1360.862625,1748.0
2,0.8130732064824506,0.9745386926047775,0.9745649514453372,0.9702553660499114,2e-05,1327.872,1748.0
3,0.8134898873545072,0.9757724216850236,0.9757977906628585,0.9707839815039322,2e-05,1399.211125,1748.0
4,0.8130415745080584,0.9774352739236161,0.9774507953189525,0.9736440521223907,2e-05,1357.23775,1748.0
5,0.8088111378931382,0.9793126877413818,0.9793254238895264,0.9754785622596803,2e-05,1361.35975,1748.0
6,0.8118501963034462,0.9771313116864541,0.9771520490319556,0.9735343225553343,1e-05,1328.958625,1748.0
7,0.7816580740649409,0.9876984694607353,0.9877016096222221,0.9857775970978297,1e-05,1309.095875,1748.0
