epoch,loss,accuracy,wf1,uar,lr,time_epoch_sec
1,1.2356307792307404,0.881167949298325,0.8810621476169174,0.8377493793110787,2e-05,1360.862625
2,1.2757893192681753,0.8631733816206428,0.8616757211504722,0.8016954370014074,2e-05,1327.872
3,1.233381464328632,0.8897691263014939,0.8894991095406921,0.8443034364283653,2e-05,1399.211125
4,1.2771669510750276,0.8677003168854686,0.8651547188990497,0.7928528166987364,2e-05,1357.23775
5,1.2579699533457345,0.879583521955636,0.8786025945384124,0.8193428822639709,2e-05,1361.35975
6,1.2243703012689846,0.8927116342236306,0.8919952559332168,0.8438968897297473,1e-05,1328.958625
7,1.24638842165659,0.8845631507469444,0.8840281563016896,0.8340615871530195,1e-05,1309.095875
