epoch,loss,accuracy,wf1,uar
1,1.426568518082301,0.3333333333333333,0.253030303030303,0.4047619047619048
