epoch,loss,accuracy,wf1,uar
1,1.4804602066675823,0.3333333333333333,0.2371794871794872,0.3611111111111111
