{
  "dataset": "IEMOCAP",
  "modalities": [
    "T"
  ],
  "num_classes": 3,
  "num_samples": 12,
  "metrics": {
    "accuracy": 0.3333333333333333,
    "macro_f1": 0.26495726495726496,
    "weighted_f1": 0.2371794871794872,
    "uar": 0.3611111111111111,
    "per_class": {
      "0": {
        "precision": 0.3333333333333333,
        "recall": 0.3333333333333333,
        "f1": 0.3333333333333333
      },
      "1": {
        "precision": 0.0,
        "recall": 0.0,
        "f1": 0.0
      },
      "2": {
        "precision": 0.3333333333333333,
        "recall": 0.75,
        "f1": 0.46153846153846156
      }
    },
    "support": {
      "0": 3,
      "1": 5,
      "2": 4
    }
  }
}