{
  "dataset": "MER_BUILDER_AT_HF_E2E_MELD_FT",
  "modalities": [
    "A",
    "T"
  ],
  "num_classes": 7,
  "num_samples": 2610,
  "metrics": {
    "accuracy": 0.5578544061302682,
    "macro_f1": 0.43870655620759236,
    "weighted_f1": 0.5917156853518323,
    "uar": 0.5027212756596071,
    "per_class": {
      "anger": {
        "precision": 0.5270758122743683,
        "recall": 0.42318840579710143,
        "f1": 0.4694533762057878
      },
      "disgust": {
        "precision": 0.10727969348659004,
        "recall": 0.4117647058823529,
        "f1": 0.1702127659574468
      },
      "fear": {
        "precision": 0.09852216748768473,
        "recall": 0.4,
        "f1": 0.15810276679841898
      },
      "joy": {
        "precision": 0.5990783410138248,
        "recall": 0.6467661691542289,
        "f1": 0.6220095693779905
      },
      "neutral": {
        "precision": 0.8571428571428571,
        "recall": 0.5828025477707006,
        "f1": 0.6938388625592417
      },
      "sadness": {
        "precision": 0.3968253968253968,
        "recall": 0.3605769230769231,
        "f1": 0.3778337531486146
      },
      "surprise": {
        "precision": 0.49744897959183676,
        "recall": 0.693950177935943,
        "f1": 0.5794947994056464
      }
    },
    "support": {
      "anger": 345,
      "disgust": 68,
      "fear": 50,
      "joy": 402,
      "neutral": 1256,
      "sadness": 208,
      "surprise": 281
    }
  }
}