{
  "dataset": "IEMOCAP4_HF_E2E_CV",
  "modalities": [
    "A",
    "T"
  ],
  "num_classes": 4,
  "num_samples": 1767,
  "metrics": {
    "accuracy": 0.6893039049235993,
    "macro_f1": 0.6776677289024484,
    "weighted_f1": 0.6974936659800977,
    "uar": 0.6962283455428728,
    "per_class": {
      "anger": {
        "precision": 0.88268156424581,
        "recall": 0.6629370629370629,
        "f1": 0.7571884984025559
      },
      "joy": {
        "precision": 0.7473002159827213,
        "recall": 0.7757847533632287,
        "f1": 0.7612761276127613
      },
      "sadness": {
        "precision": 0.5836575875486382,
        "recall": 0.7246376811594203,
        "f1": 0.646551724137931
      },
      "neutral": {
        "precision": 0.48627450980392156,
        "recall": 0.6215538847117794,
        "f1": 0.5456545654565457
      }
    },
    "support": {
      "anger": 715,
      "joy": 446,
      "sadness": 207,
      "neutral": 399
    }
  }
}