{
  "dataset": "MER_BUILDER_AT_HF_E2E_MELD_FT_CTX0_A20",
  "modalities": [
    "A",
    "T"
  ],
  "num_classes": 7,
  "num_samples": 2610,
  "metrics": {
    "accuracy": 0.6157088122605364,
    "macro_f1": 0.43678845288162504,
    "weighted_f1": 0.6092075283259573,
    "uar": 0.4329956096582453,
    "per_class": {
      "anger": {
        "precision": 0.5450980392156862,
        "recall": 0.4028985507246377,
        "f1": 0.4633333333333333
      },
      "disgust": {
        "precision": 0.24193548387096775,
        "recall": 0.22058823529411764,
        "f1": 0.23076923076923078
      },
      "fear": {
        "precision": 0.14925373134328357,
        "recall": 0.2,
        "f1": 0.17094017094017094
      },
      "joy": {
        "precision": 0.545045045045045,
        "recall": 0.6019900497512438,
        "f1": 0.5721040189125296
      },
      "neutral": {
        "precision": 0.7395833333333334,
        "recall": 0.7914012738853503,
        "f1": 0.7646153846153846
      },
      "sadness": {
        "precision": 0.3974358974358974,
        "recall": 0.2980769230769231,
        "f1": 0.34065934065934067
      },
      "surprise": {
        "precision": 0.5141843971631206,
        "recall": 0.5160142348754448,
        "f1": 0.5150976909413855
      }
    },
    "support": {
      "anger": 345,
      "disgust": 68,
      "fear": 50,
      "joy": 402,
      "neutral": 1256,
      "sadness": 208,
      "surprise": 281
    }
  }
}