{
  "dataset": "IEMOCAP4_HF_E2E_CV",
  "modalities": [
    "A"
  ],
  "num_classes": 4,
  "num_samples": 2085,
  "metrics": {
    "accuracy": 0.6282973621103117,
    "macro_f1": 0.5962116517748437,
    "weighted_f1": 0.6354659553516707,
    "uar": 0.60530744968998,
    "per_class": {
      "anger": {
        "precision": 0.7757352941176471,
        "recall": 0.6684266103484688,
        "f1": 0.7180941576857629
      },
      "joy": {
        "precision": 0.6135084427767354,
        "recall": 0.6526946107784432,
        "f1": 0.632495164410058
      },
      "sadness": {
        "precision": 0.5878378378378378,
        "recall": 0.5667752442996743,
        "f1": 0.5771144278606966
      },
      "neutral": {
        "precision": 0.4,
        "recall": 0.5333333333333333,
        "f1": 0.45714285714285713
      }
    },
    "support": {
      "anger": 947,
      "joy": 501,
      "sadness": 307,
      "neutral": 330
    }
  }
}