{
  "dataset": "MER_BUILDER_AT_HF_E2E_MELD_FT_CTX3_A20",
  "modalities": [
    "A",
    "T"
  ],
  "num_classes": 7,
  "num_samples": 3960,
  "metrics": {
    "accuracy": 0.9393939393939394,
    "macro_f1": 0.9366283022905628,
    "weighted_f1": 0.9394221179009085,
    "uar": 0.9339848709784285,
    "per_class": {
      "anger": {
        "precision": 0.9709864603481625,
        "recall": 0.9561904761904761,
        "f1": 0.963531669865643
      },
      "disgust": {
        "precision": 0.9322191272051996,
        "recall": 0.9616858237547893,
        "f1": 0.9467232437529467
      },
      "fear": {
        "precision": 0.8936936936936937,
        "recall": 0.9305816135084428,
        "f1": 0.9117647058823529
      },
      "joy": {
        "precision": 0.9406307977736549,
        "recall": 0.9388888888888889,
        "f1": 0.9397590361445783
      },
      "neutral": {
        "precision": 0.923728813559322,
        "recall": 0.9083333333333333,
        "f1": 0.9159663865546218
      },
      "sadness": {
        "precision": 0.9461966604823747,
        "recall": 0.9444444444444444,
        "f1": 0.9453197405004634
      },
      "surprise": {
        "precision": 0.971830985915493,
        "recall": 0.8977695167286245,
        "f1": 0.9333333333333333
      }
    },
    "support": {
      "anger": 525,
      "disgust": 1044,
      "fear": 533,
      "joy": 540,
      "neutral": 240,
      "sadness": 540,
      "surprise": 538
    }
  }
}