epoch,loss,accuracy,wf1,uar,lr,time_epoch_sec,optimizer_steps
1,1.9915400992636927,0.3142712613046107,0.1979884177705354,0.14325871213361493,5e-05,1765.36975,2533.0
2,1.952255668089295,0.3436354887663323,0.18087678277013097,0.14258413341176923,5e-05,1702.77375,2533.0
3,1.9491113084091887,0.34406731564076937,0.176977977380386,0.14281635699285536,5e-05,1571.49725,2533.0
4,1.945886016589185,0.3447088869970759,0.17672853644942296,0.14285714285714285,2.5e-05,1579.724875,2533.0
5,1.9434555738594788,0.34652255986971164,0.17835257733858767,0.14285714285714285,2.5e-05,1734.2645,2533.0
6,1.9431582150077649,0.34641151867342784,0.17851832494000897,0.1429207708631813,2.5e-05,1659.283375,2533.0
7,1.9444606614064905,0.3445238183366029,0.17672292711173967,0.14280483189462992,1.25e-05,1573.8955,2533.0
