epoch,loss,accuracy,wf1,uar,lr,time_epoch_sec
1,1.99222428738277,0.226691042047532,0.08378446859580914,0.14285714285714285,5e-05,1765.36975
2,1.9893032647283393,0.226691042047532,0.08378446859580914,0.14285714285714285,5e-05,1702.77375
3,1.9996495800021632,0.226691042047532,0.08378446859580914,0.14285714285714285,5e-05,1571.49725
4,1.9942590594032243,0.226691042047532,0.08378446859580914,0.14285714285714285,2.5e-05,1579.724875
5,1.991975818652132,0.226691042047532,0.08378446859580914,0.14285714285714285,2.5e-05,1734.2645
6,1.9899893111075102,0.226691042047532,0.08378446859580914,0.14285714285714285,2.5e-05,1659.283375
7,1.9949614945846137,0.226691042047532,0.08378446859580914,0.14285714285714285,1.25e-05,1573.8955
