{
  "dataset": "MER_BUILDER_AT_HF_E2E_ALL_STAGE2",
  "modalities": [
    "A",
    "T"
  ],
  "num_classes": 7,
  "num_samples": 3960,
  "metrics": {
    "accuracy": 0.9328282828282828,
    "macro_f1": 0.9288411565408129,
    "weighted_f1": 0.9328260970711084,
    "uar": 0.9259925320201676,
    "per_class": {
      "anger": {
        "precision": 0.9576107899807321,
        "recall": 0.9466666666666667,
        "f1": 0.9521072796934866
      },
      "disgust": {
        "precision": 0.9226519337016574,
        "recall": 0.9597701149425287,
        "f1": 0.9408450704225352
      },
      "fear": {
        "precision": 0.9233644859813084,
        "recall": 0.926829268292683,
        "f1": 0.9250936329588015
      },
      "joy": {
        "precision": 0.974559686888454,
        "recall": 0.9222222222222223,
        "f1": 0.9476688867745005
      },
      "neutral": {
        "precision": 0.8991596638655462,
        "recall": 0.8916666666666667,
        "f1": 0.895397489539749
      },
      "sadness": {
        "precision": 0.9039145907473309,
        "recall": 0.9407407407407408,
        "f1": 0.9219600725952813
      },
      "surprise": {
        "precision": 0.9449901768172888,
        "recall": 0.8940520446096655,
        "f1": 0.9188156638013372
      }
    },
    "support": {
      "anger": 525,
      "disgust": 1044,
      "fear": 533,
      "joy": 540,
      "neutral": 240,
      "sadness": 540,
      "surprise": 538
    }
  }
}