{
  "dataset": "MER_BUILDER_AT_MFCC80_ROBUST_CLASSBAL_MODDROP",
  "modalities": [
    "A",
    "T"
  ],
  "num_classes": 7,
  "num_samples": 2610,
  "metrics": {
    "accuracy": 0.42681992337164754,
    "macro_f1": 0.24805343584379763,
    "weighted_f1": 0.4160834932460051,
    "uar": 0.24688581252685265,
    "per_class": {
      "anger": {
        "precision": 0.26199261992619927,
        "recall": 0.20579710144927535,
        "f1": 0.2305194805194805
      },
      "disgust": {
        "precision": 0.05357142857142857,
        "recall": 0.04411764705882353,
        "f1": 0.04838709677419355
      },
      "fear": {
        "precision": 0.06153846153846154,
        "recall": 0.08,
        "f1": 0.06956521739130435
      },
      "joy": {
        "precision": 0.3171355498721228,
        "recall": 0.30845771144278605,
        "f1": 0.31273644388398486
      },
      "neutral": {
        "precision": 0.569683908045977,
        "recall": 0.6313694267515924,
        "f1": 0.5989425981873112
      },
      "sadness": {
        "precision": 0.21705426356589147,
        "recall": 0.1346153846153846,
        "f1": 0.1661721068249258
      },
      "surprise": {
        "precision": 0.2973856209150327,
        "recall": 0.3238434163701068,
        "f1": 0.3100511073253833
      }
    },
    "support": {
      "anger": 345,
      "disgust": 68,
      "fear": 50,
      "joy": 402,
      "neutral": 1256,
      "sadness": 208,
      "surprise": 281
    }
  }
}