{
  "dataset": "MER_BUILDER_AT_HF_E2E_MELD_FT_CTX9_A20",
  "modalities": [
    "A",
    "T"
  ],
  "num_classes": 7,
  "num_samples": 3960,
  "metrics": {
    "accuracy": 0.9333333333333333,
    "macro_f1": 0.9291973370451311,
    "weighted_f1": 0.9331282912795629,
    "uar": 0.9237894360218276,
    "per_class": {
      "anger": {
        "precision": 0.946257197696737,
        "recall": 0.939047619047619,
        "f1": 0.9426386233269598
      },
      "disgust": {
        "precision": 0.9317343173431735,
        "recall": 0.9674329501915708,
        "f1": 0.9492481203007519
      },
      "fear": {
        "precision": 0.9257142857142857,
        "recall": 0.9118198874296435,
        "f1": 0.9187145557655955
      },
      "joy": {
        "precision": 0.9287020109689214,
        "recall": 0.9407407407407408,
        "f1": 0.9346826126954921
      },
      "neutral": {
        "precision": 0.954337899543379,
        "recall": 0.8708333333333333,
        "f1": 0.9106753812636166
      },
      "sadness": {
        "precision": 0.9304029304029304,
        "recall": 0.9407407407407408,
        "f1": 0.9355432780847146
      },
      "surprise": {
        "precision": 0.9305019305019305,
        "recall": 0.895910780669145,
        "f1": 0.9128787878787878
      }
    },
    "support": {
      "anger": 525,
      "disgust": 1044,
      "fear": 533,
      "joy": 540,
      "neutral": 240,
      "sadness": 540,
      "surprise": 538
    }
  }
}