{
  "dataset": "MER_BUILDER_AT_HF_E2E_MELD_FT_CTX7_A20",
  "modalities": [
    "A",
    "T"
  ],
  "num_classes": 7,
  "num_samples": 2610,
  "metrics": {
    "accuracy": 0.6022988505747127,
    "macro_f1": 0.4244733448983398,
    "weighted_f1": 0.6006958402469701,
    "uar": 0.430184050570548,
    "per_class": {
      "anger": {
        "precision": 0.5458715596330275,
        "recall": 0.34492753623188405,
        "f1": 0.4227353463587922
      },
      "disgust": {
        "precision": 0.1643835616438356,
        "recall": 0.17647058823529413,
        "f1": 0.1702127659574468
      },
      "fear": {
        "precision": 0.15151515151515152,
        "recall": 0.2,
        "f1": 0.1724137931034483
      },
      "joy": {
        "precision": 0.5368421052631579,
        "recall": 0.6343283582089553,
        "f1": 0.5815279361459521
      },
      "neutral": {
        "precision": 0.7581803671189146,
        "recall": 0.7563694267515924,
        "f1": 0.7572738142686329
      },
      "sadness": {
        "precision": 0.36893203883495146,
        "recall": 0.36538461538461536,
        "f1": 0.3671497584541063
      },
      "surprise": {
        "precision": 0.4702194357366771,
        "recall": 0.5338078291814946,
        "f1": 0.5
      }
    },
    "support": {
      "anger": 345,
      "disgust": 68,
      "fear": 50,
      "joy": 402,
      "neutral": 1256,
      "sadness": 208,
      "surprise": 281
    }
  }
}