{
  "dataset": "MER_BUILDER_AT_HF_E2E_ALL_STAGE2",
  "modalities": [
    "A",
    "T"
  ],
  "num_classes": 7,
  "num_samples": 861,
  "metrics": {
    "accuracy": 0.6504065040650406,
    "macro_f1": 0.5043944522576801,
    "weighted_f1": 0.6481347488118623,
    "uar": 0.5087494899760232,
    "per_class": {
      "anger": {
        "precision": 0.7857142857142857,
        "recall": 0.7355623100303952,
        "f1": 0.7598116169544741
      },
      "disgust": {
        "precision": 0.5,
        "recall": 0.5,
        "f1": 0.5
      },
      "fear": {
        "precision": 0.4444444444444444,
        "recall": 0.3076923076923077,
        "f1": 0.36363636363636365
      },
      "joy": {
        "precision": 0.6504065040650406,
        "recall": 0.8205128205128205,
        "f1": 0.7256235827664399
      },
      "neutral": {
        "precision": 0.5808080808080808,
        "recall": 0.4831932773109244,
        "f1": 0.5275229357798165
      },
      "sadness": {
        "precision": 0.4375,
        "recall": 0.5,
        "f1": 0.4666666666666667
      },
      "surprise": {
        "precision": 0.16666666666666666,
        "recall": 0.21428571428571427,
        "f1": 0.1875
      }
    },
    "support": {
      "anger": 329,
      "disgust": 2,
      "fear": 13,
      "joy": 195,
      "neutral": 238,
      "sadness": 70,
      "surprise": 14
    }
  }
}