{
  "dataset": "IEMOCAP4_HF_E2E_CV",
  "modalities": [
    "T"
  ],
  "num_classes": 4,
  "num_samples": 1767,
  "metrics": {
    "accuracy": 0.6157328805885682,
    "macro_f1": 0.5966523161049024,
    "weighted_f1": 0.6258029348046079,
    "uar": 0.6027665222599087,
    "per_class": {
      "anger": {
        "precision": 0.7795414462081128,
        "recall": 0.6181818181818182,
        "f1": 0.6895475819032761
      },
      "joy": {
        "precision": 0.7276995305164319,
        "recall": 0.695067264573991,
        "f1": 0.7110091743119266
      },
      "sadness": {
        "precision": 0.4888888888888889,
        "recall": 0.5314009661835749,
        "f1": 0.5092592592592593
      },
      "neutral": {
        "precision": 0.4116575591985428,
        "recall": 0.5664160401002506,
        "f1": 0.4767932489451477
      }
    },
    "support": {
      "anger": 715,
      "joy": 446,
      "sadness": 207,
      "neutral": 399
    }
  }
}