epoch,loss,accuracy,wf1,uar,lr,time_epoch_sec
1,1.2755292045070135,0.441564561734213,0.45740082943151905,0.49392973536939583,2e-05,81.128796875
2,1.1906851737932929,0.5735155513666352,0.592875351399643,0.6222230493389427,2e-05,49.64473046875
3,1.149154971277343,0.6295947219604147,0.6417041441040043,0.6293246869695137,2e-05,50.38501953125
4,1.153183726293652,0.65315739868049,0.6635695889535571,0.6367563166516541,2e-05,49.87046484375
5,1.1813076007602128,0.6333647502356268,0.649488559140985,0.6488335701202406,2e-05,49.8739921875
6,1.1756947763004357,0.6573986804901036,0.6572815491195996,0.6232662251923,2e-05,49.9115078125
7,1.181759911927269,0.6394910461828464,0.6489572790682587,0.63183508769842,2e-05,49.66216796875
8,1.3284701539816213,0.6427898209236569,0.6440373930583605,0.6237889241153639,1e-05,48.43760546875
