{
  "dataset": "IEMOCAP4_HF_E2E_CV",
  "modalities": [
    "A",
    "T"
  ],
  "num_classes": 4,
  "num_samples": 2085,
  "metrics": {
    "accuracy": 0.6935251798561151,
    "macro_f1": 0.6700335923207826,
    "weighted_f1": 0.7006345370277747,
    "uar": 0.683784985798085,
    "per_class": {
      "anger": {
        "precision": 0.8098159509202454,
        "recall": 0.6969376979936642,
        "f1": 0.7491486946651532
      },
      "joy": {
        "precision": 0.7585513078470825,
        "recall": 0.7524950099800399,
        "f1": 0.7555110220440882
      },
      "sadness": {
        "precision": 0.6435331230283912,
        "recall": 0.6644951140065146,
        "f1": 0.6538461538461539
      },
      "neutral": {
        "precision": 0.44956140350877194,
        "recall": 0.6212121212121212,
        "f1": 0.5216284987277354
      }
    },
    "support": {
      "anger": 947,
      "joy": 501,
      "sadness": 307,
      "neutral": 330
    }
  }
}