{
  "dataset": "MER_BUILDER_AT_MFCC80_ROBUST_MODDROP_EMA",
  "modalities": [
    "A",
    "T"
  ],
  "num_classes": 7,
  "num_samples": 2610,
  "metrics": {
    "accuracy": 0.4521072796934866,
    "macro_f1": 0.26596208945494954,
    "weighted_f1": 0.43986739462334906,
    "uar": 0.26322662874670727,
    "per_class": {
      "anger": {
        "precision": 0.312,
        "recall": 0.22608695652173913,
        "f1": 0.26218487394957984
      },
      "disgust": {
        "precision": 0.058823529411764705,
        "recall": 0.029411764705882353,
        "f1": 0.0392156862745098
      },
      "fear": {
        "precision": 0.02857142857142857,
        "recall": 0.04,
        "f1": 0.03333333333333333
      },
      "joy": {
        "precision": 0.33251231527093594,
        "recall": 0.3358208955223881,
        "f1": 0.3341584158415842
      },
      "neutral": {
        "precision": 0.5790219702338767,
        "recall": 0.6504777070063694,
        "f1": 0.6126734158230221
      },
      "sadness": {
        "precision": 0.22602739726027396,
        "recall": 0.15865384615384615,
        "f1": 0.1864406779661017
      },
      "surprise": {
        "precision": 0.3856655290102389,
        "recall": 0.40213523131672596,
        "f1": 0.39372822299651566
      }
    },
    "support": {
      "anger": 345,
      "disgust": 68,
      "fear": 50,
      "joy": 402,
      "neutral": 1256,
      "sadness": 208,
      "surprise": 281
    }
  }
}