{
  "dataset": "IEMOCAP4_HF_E2E_CV",
  "modalities": [
    "A"
  ],
  "num_classes": 4,
  "num_samples": 1767,
  "metrics": {
    "accuracy": 0.6485568760611206,
    "macro_f1": 0.6159201625783166,
    "weighted_f1": 0.6489151092872021,
    "uar": 0.6402538366122629,
    "per_class": {
      "anger": {
        "precision": 0.8009188361408882,
        "recall": 0.7314685314685314,
        "f1": 0.7646198830409356
      },
      "joy": {
        "precision": 0.6407563025210085,
        "recall": 0.6838565022421524,
        "f1": 0.6616052060737527
      },
      "sadness": {
        "precision": 0.4672897196261682,
        "recall": 0.7246376811594203,
        "f1": 0.5681818181818182
      },
      "neutral": {
        "precision": 0.5299684542586751,
        "recall": 0.42105263157894735,
        "f1": 0.4692737430167598
      }
    },
    "support": {
      "anger": 715,
      "joy": 446,
      "sadness": 207,
      "neutral": 399
    }
  }
}