epoch,loss,accuracy,wf1,uar,lr,time_epoch_sec
1,1.336620295504257,0.5099369849733398,0.545254517334231,0.5820067190796868,2e-05,83.9131171875
2,1.1543297401863686,0.6214251090644692,0.6535748541380489,0.6016130604636549,2e-05,49.71514453125
3,1.20840168161064,0.6408143480368396,0.6551277468058757,0.6285197348438591,2e-05,48.57794140625
4,1.1807523894760716,0.6587493940862821,0.673408000036819,0.6371444913237266,2e-05,48.74095703125
5,1.383365420883741,0.5564711585070286,0.5899926199745686,0.6169322882234239,2e-05,49.0713125
6,1.3146276747897245,0.6311197285506543,0.6506529289927582,0.6047782607083154,2e-05,49.013296875
7,1.326158675185928,0.6412990790111488,0.6567410519479762,0.6139730207920853,1e-05,49.59709765625
8,1.4416741025835,0.6160930683470673,0.6414393545472351,0.623530923500944,1e-05,48.6097578125
