epoch,loss,accuracy,wf1,uar
1,0.8948865135510763,0.625,0.6000816993464052,0.6926406926406927
