epoch,loss,accuracy,wf1,uar
1,1.780189832051595,0.08333333333333333,0.0625,0.1111111111111111
