{
  "dataset": "IEMOCAP4_HF_E2E_CV",
  "modalities": [
    "T"
  ],
  "num_classes": 4,
  "num_samples": 2122,
  "metrics": {
    "accuracy": 0.676248821866164,
    "macro_f1": 0.6328240272883047,
    "weighted_f1": 0.6773877243705754,
    "uar": 0.6416704231126045,
    "per_class": {
      "anger": {
        "precision": 0.7426966292134831,
        "recall": 0.7694994179278231,
        "f1": 0.7558604917095483
      },
      "joy": {
        "precision": 0.8040665434380776,
        "recall": 0.7084690553745928,
        "f1": 0.7532467532467533
      },
      "sadness": {
        "precision": 0.4851190476190476,
        "recall": 0.6442687747035574,
        "f1": 0.5534804753820034
      },
      "neutral": {
        "precision": 0.49577464788732395,
        "recall": 0.4444444444444444,
        "f1": 0.46870838881491345
      }
    },
    "support": {
      "anger": 859,
      "joy": 614,
      "sadness": 253,
      "neutral": 396
    }
  }
}