{
  "dataset": "MER_BUILDER_AT_HF_E2E_MELD_FT_CTX7_A15",
  "modalities": [
    "A",
    "T"
  ],
  "num_classes": 7,
  "num_samples": 3960,
  "metrics": {
    "accuracy": 0.9277777777777778,
    "macro_f1": 0.9240952204631476,
    "weighted_f1": 0.9277346393154197,
    "uar": 0.9162666781230794,
    "per_class": {
      "anger": {
        "precision": 0.9454887218045113,
        "recall": 0.9580952380952381,
        "f1": 0.9517502365184485
      },
      "disgust": {
        "precision": 0.9220055710306406,
        "recall": 0.9511494252873564,
        "f1": 0.9363507779349364
      },
      "fear": {
        "precision": 0.9077490774907749,
        "recall": 0.9230769230769231,
        "f1": 0.9153488372093024
      },
      "joy": {
        "precision": 0.9576107899807321,
        "recall": 0.9203703703703704,
        "f1": 0.9386213408876298
      },
      "neutral": {
        "precision": 0.985,
        "recall": 0.8208333333333333,
        "f1": 0.8954545454545455
      },
      "sadness": {
        "precision": 0.8663282571912013,
        "recall": 0.9481481481481482,
        "f1": 0.905393457117595
      },
      "surprise": {
        "precision": 0.9619238476953907,
        "recall": 0.8921933085501859,
        "f1": 0.9257473481195757
      }
    },
    "support": {
      "anger": 525,
      "disgust": 1044,
      "fear": 533,
      "joy": 540,
      "neutral": 240,
      "sadness": 540,
      "surprise": 538
    }
  }
}