{
  "dataset": "IEMOCAP4_HF_E2E_CV",
  "modalities": [
    "A",
    "T"
  ],
  "num_classes": 4,
  "num_samples": 2063,
  "metrics": {
    "accuracy": 0.7518177411536597,
    "macro_f1": 0.6739829859461676,
    "weighted_f1": 0.7494245851241185,
    "uar": 0.6873170015988196,
    "per_class": {
      "anger": {
        "precision": 0.8408463661453542,
        "recall": 0.817531305903399,
        "f1": 0.8290249433106576
      },
      "joy": {
        "precision": 0.7422680412371134,
        "recall": 0.7985212569316081,
        "f1": 0.7693677649154052
      },
      "sadness": {
        "precision": 0.6547619047619048,
        "recall": 0.7692307692307693,
        "f1": 0.707395498392283
      },
      "neutral": {
        "precision": 0.42035398230088494,
        "recall": 0.36398467432950193,
        "f1": 0.39014373716632444
      }
    },
    "support": {
      "anger": 1118,
      "joy": 541,
      "sadness": 143,
      "neutral": 261
    }
  }
}