{
  "dataset": "MER_BUILDER_AT_HF_E2E_MELD_FT_CTX9_A20",
  "modalities": [
    "A",
    "T"
  ],
  "num_classes": 7,
  "num_samples": 2610,
  "metrics": {
    "accuracy": 0.5375478927203066,
    "macro_f1": 0.4171381996754982,
    "weighted_f1": 0.5656503695720984,
    "uar": 0.46388392015730634,
    "per_class": {
      "anger": {
        "precision": 0.4436936936936937,
        "recall": 0.5710144927536231,
        "f1": 0.49936628643852976
      },
      "disgust": {
        "precision": 0.13095238095238096,
        "recall": 0.16176470588235295,
        "f1": 0.14473684210526316
      },
      "fear": {
        "precision": 0.07335907335907337,
        "recall": 0.38,
        "f1": 0.12297734627831715
      },
      "joy": {
        "precision": 0.595360824742268,
        "recall": 0.5746268656716418,
        "f1": 0.5848101265822785
      },
      "neutral": {
        "precision": 0.8171021377672208,
        "recall": 0.5477707006369427,
        "f1": 0.655862726406101
      },
      "sadness": {
        "precision": 0.36792452830188677,
        "recall": 0.375,
        "f1": 0.37142857142857144
      },
      "surprise": {
        "precision": 0.46981627296587924,
        "recall": 0.6370106761565836,
        "f1": 0.540785498489426
      }
    },
    "support": {
      "anger": 345,
      "disgust": 68,
      "fear": 50,
      "joy": 402,
      "neutral": 1256,
      "sadness": 208,
      "surprise": 281
    }
  }
}