{
  "dataset": "IEMOCAP4_HF_E2E_CV",
  "modalities": [
    "A"
  ],
  "num_classes": 4,
  "num_samples": 2063,
  "metrics": {
    "accuracy": 0.679108095007271,
    "macro_f1": 0.5991786047678781,
    "weighted_f1": 0.6751300110237108,
    "uar": 0.6140815610146441,
    "per_class": {
      "anger": {
        "precision": 0.7579034941763727,
        "recall": 0.8148479427549195,
        "f1": 0.7853448275862069
      },
      "joy": {
        "precision": 0.6896551724137931,
        "recall": 0.5175600739371534,
        "f1": 0.5913410770855333
      },
      "sadness": {
        "precision": 0.5287958115183246,
        "recall": 0.7062937062937062,
        "f1": 0.6047904191616766
      },
      "neutral": {
        "precision": 0.4128787878787879,
        "recall": 0.41762452107279696,
        "f1": 0.41523809523809524
      }
    },
    "support": {
      "anger": 1118,
      "joy": 541,
      "sadness": 143,
      "neutral": 261
    }
  }
}