{
  "dataset": "MER_BUILDER_AT_HF_E2E_MELD_FT_CTX7_A15",
  "modalities": [
    "A",
    "T"
  ],
  "num_classes": 7,
  "num_samples": 3960,
  "metrics": {
    "accuracy": 0.9363636363636364,
    "macro_f1": 0.9322421760928086,
    "weighted_f1": 0.936230151472791,
    "uar": 0.9236892775101461,
    "per_class": {
      "anger": {
        "precision": 0.974308300395257,
        "recall": 0.939047619047619,
        "f1": 0.95635305528613
      },
      "disgust": {
        "precision": 0.9252506836827712,
        "recall": 0.9722222222222222,
        "f1": 0.948155067725362
      },
      "fear": {
        "precision": 0.941747572815534,
        "recall": 0.9099437148217636,
        "f1": 0.9255725190839694
      },
      "joy": {
        "precision": 0.96,
        "recall": 0.9333333333333333,
        "f1": 0.9464788732394366
      },
      "neutral": {
        "precision": 0.9852941176470589,
        "recall": 0.8375,
        "f1": 0.9054054054054054
      },
      "sadness": {
        "precision": 0.9066901408450704,
        "recall": 0.9537037037037037,
        "f1": 0.9296028880866426
      },
      "surprise": {
        "precision": 0.908256880733945,
        "recall": 0.9200743494423792,
        "f1": 0.9141274238227147
      }
    },
    "support": {
      "anger": 525,
      "disgust": 1044,
      "fear": 533,
      "joy": 540,
      "neutral": 240,
      "sadness": 540,
      "surprise": 538
    }
  }
}