{
  "dataset": "IEMOCAP4_HF_E2E_CV",
  "modalities": [
    "A",
    "T"
  ],
  "num_classes": 4,
  "num_samples": 2085,
  "metrics": {
    "accuracy": 0.6988009592326139,
    "macro_f1": 0.6656047359457271,
    "weighted_f1": 0.6986057562370539,
    "uar": 0.6730281618719578,
    "per_class": {
      "anger": {
        "precision": 0.7789001122334456,
        "recall": 0.7328405491024287,
        "f1": 0.7551686615886833
      },
      "joy": {
        "precision": 0.7190388170055453,
        "recall": 0.7764471057884231,
        "f1": 0.746641074856046
      },
      "sadness": {
        "precision": 0.6507462686567164,
        "recall": 0.7100977198697068,
        "f1": 0.6791277258566978
      },
      "neutral": {
        "precision": 0.49056603773584906,
        "recall": 0.4727272727272727,
        "f1": 0.48148148148148145
      }
    },
    "support": {
      "anger": 947,
      "joy": 501,
      "sadness": 307,
      "neutral": 330
    }
  }
}