{
  "dataset": "IEMOCAP4_HF_E2E_CV",
  "modalities": [
    "A"
  ],
  "num_classes": 4,
  "num_samples": 2122,
  "metrics": {
    "accuracy": 0.6540999057492931,
    "macro_f1": 0.6092646774402373,
    "weighted_f1": 0.6467733336145551,
    "uar": 0.5895214027164828,
    "per_class": {
      "anger": {
        "precision": 0.6635338345864662,
        "recall": 0.8218859138533178,
        "f1": 0.734269370774831
      },
      "joy": {
        "precision": 0.7121495327102804,
        "recall": 0.6205211726384365,
        "f1": 0.6631853785900783
      },
      "sadness": {
        "precision": 0.7218543046357616,
        "recall": 0.4308300395256917,
        "f1": 0.5396039603960396
      },
      "neutral": {
        "precision": 0.5161290322580645,
        "recall": 0.48484848484848486,
        "f1": 0.5
      }
    },
    "support": {
      "anger": 859,
      "joy": 614,
      "sadness": 253,
      "neutral": 396
    }
  }
}