{
  "dataset": "MER_BUILDER_AT_HF_E2E_MELD_FT_CTX9_A20",
  "modalities": [
    "A"
  ],
  "num_classes": 7,
  "num_samples": 2610,
  "metrics": {
    "accuracy": 0.3053639846743295,
    "macro_f1": 0.25039469566674716,
    "weighted_f1": 0.3440920780886252,
    "uar": 0.28688275244384387,
    "per_class": {
      "anger": {
        "precision": 0.34834123222748814,
        "recall": 0.4260869565217391,
        "f1": 0.3833116036505867
      },
      "disgust": {
        "precision": 0.04121475054229935,
        "recall": 0.27941176470588236,
        "f1": 0.07183364839319471
      },
      "fear": {
        "precision": 0.025974025974025976,
        "recall": 0.12,
        "f1": 0.042704626334519574
      },
      "joy": {
        "precision": 0.3181818181818182,
        "recall": 0.2960199004975124,
        "f1": 0.30670103092783507
      },
      "neutral": {
        "precision": 0.6556776556776557,
        "recall": 0.28503184713375795,
        "f1": 0.3973362930077691
      },
      "sadness": {
        "precision": 0.2222222222222222,
        "recall": 0.28846153846153844,
        "f1": 0.2510460251046025
      },
      "surprise": {
        "precision": 0.2875816993464052,
        "recall": 0.31316725978647686,
        "f1": 0.29982964224872233
      }
    },
    "support": {
      "anger": 345,
      "disgust": 68,
      "fear": 50,
      "joy": 402,
      "neutral": 1256,
      "sadness": 208,
      "surprise": 281
    }
  }
}