epoch,loss,accuracy,wf1,uar,lr,time_epoch_sec,optimizer_steps
1,0.6195947399383877,0.971430716672298,0.9714526904720895,0.9657170647723826,2e-05,2020.76425,2498.0
2,0.6171234480562932,0.9733828884634156,0.9733944350061201,0.9664121035933572,2e-05,2010.86625,2498.0
3,0.6110598980694991,0.9742964047502847,0.9743117342588359,0.9693060119330177,2e-05,1901.90825,2498.0
4,0.6089620806524899,0.9766615359587542,0.9766802625971863,0.9719089897353819,2e-05,1953.96975,2498.0
5,0.6027321343552556,0.9786762773585614,0.9786828468689449,0.9739450256924871,2e-05,1983.619875,2498.0
6,0.6025409933974314,0.9779754977412372,0.9779838292119032,0.9731943432522357,1e-05,2038.759875,2498.0
7,0.5811992155106448,0.987761384540301,0.9877663936013928,0.9848565236620743,1e-05,1924.534875,2498.0
