epoch,loss,accuracy,wf1,uar,lr,time_epoch_sec
1,0.8525685323588271,0.8955749098266913,0.8956627581642835,0.8840935986775218,2e-05,2020.76425
2,0.8944109166644857,0.8811471804345914,0.8812772954839665,0.8624632701274363,2e-05,2010.86625
3,0.8501386344406613,0.9005894255300431,0.9009337770949991,0.8907989164615516,2e-05,1901.90825
4,0.848920514283231,0.8988299463358845,0.8990879674797784,0.8905321042535467,2e-05,1953.96975
5,0.8819660674647877,0.8904724201636316,0.8901895568649122,0.8729662126563575,2e-05,1983.619875
6,0.9863310541642669,0.8548429664819214,0.8539489802689589,0.8390567696500172,1e-05,2038.759875
7,0.8957425231112227,0.8902084982845078,0.8901720800976616,0.876244274623784,1e-05,1924.534875
