epoch,loss,accuracy,wf1,uar
1,1.3773716290791829,0.08333333333333333,0.05555555555555555,0.08333333333333333
