{
  "dataset": "IEMOCAP",
  "modalities": [
    "A",
    "T"
  ],
  "num_classes": 3,
  "num_samples": 12,
  "metrics": {
    "accuracy": 0.08333333333333333,
    "macro_f1": 0.05555555555555555,
    "weighted_f1": 0.05555555555555555,
    "uar": 0.08333333333333333,
    "per_class": {
      "0": {
        "precision": 0.0,
        "recall": 0.0,
        "f1": 0.0
      },
      "1": {
        "precision": 0.0,
        "recall": 0.0,
        "f1": 0.0
      },
      "2": {
        "precision": 0.125,
        "recall": 0.25,
        "f1": 0.16666666666666666
      }
    },
    "support": {
      "0": 3,
      "1": 5,
      "2": 4
    }
  }
}