epoch,loss,accuracy,wf1,uar
1,1.211470792690913,0.25,0.2263888888888889,0.28427128427128423
