{
  "dataset": "MER_BUILDER_AT_HF_E2E_ALL_STAGE2",
  "modalities": [
    "A",
    "T"
  ],
  "num_classes": 7,
  "num_samples": 2610,
  "metrics": {
    "accuracy": 0.5475095785440613,
    "macro_f1": 0.39520660105077,
    "weighted_f1": 0.5597757065852011,
    "uar": 0.41297534418921067,
    "per_class": {
      "anger": {
        "precision": 0.4146919431279621,
        "recall": 0.5072463768115942,
        "f1": 0.45632333767926986
      },
      "disgust": {
        "precision": 0.20833333333333334,
        "recall": 0.14705882352941177,
        "f1": 0.1724137931034483
      },
      "fear": {
        "precision": 0.0967741935483871,
        "recall": 0.18,
        "f1": 0.1258741258741259
      },
      "joy": {
        "precision": 0.4924731182795699,
        "recall": 0.5696517412935324,
        "f1": 0.5282583621683967
      },
      "neutral": {
        "precision": 0.7840796019900498,
        "recall": 0.6273885350318471,
        "f1": 0.6970367094206104
      },
      "sadness": {
        "precision": 0.3160377358490566,
        "recall": 0.32211538461538464,
        "f1": 0.319047619047619
      },
      "surprise": {
        "precision": 0.4136986301369863,
        "recall": 0.5373665480427047,
        "f1": 0.4674922600619195
      }
    },
    "support": {
      "anger": 345,
      "disgust": 68,
      "fear": 50,
      "joy": 402,
      "neutral": 1256,
      "sadness": 208,
      "surprise": 281
    }
  }
}