{
  "dataset": "MER_BUILDER_AT_MFCC80_ROBUST_CLASSBAL_MODDROP_EMA",
  "modalities": [
    "A",
    "T"
  ],
  "num_classes": 7,
  "num_samples": 10247,
  "metrics": {
    "accuracy": 0.7603200936859569,
    "macro_f1": 0.7566467306463877,
    "weighted_f1": 0.7684000783413938,
    "uar": 0.7581202923441682,
    "per_class": {
      "anger": {
        "precision": 0.8070978820835718,
        "recall": 0.8328411104548139,
        "f1": 0.8197674418604651
      },
      "disgust": {
        "precision": 0.5217608804402201,
        "recall": 0.6768332251784556,
        "f1": 0.5892655367231638
      },
      "fear": {
        "precision": 0.5136501516683518,
        "recall": 0.7288378766140603,
        "f1": 0.6026097271648873
      },
      "joy": {
        "precision": 0.8827893175074184,
        "recall": 0.7,
        "f1": 0.7808398950131233
      },
      "neutral": {
        "precision": 0.8205677557579004,
        "recall": 0.7856410256410257,
        "f1": 0.8027246528687451
      },
      "sadness": {
        "precision": 0.8908794788273615,
        "recall": 0.7792022792022792,
        "f1": 0.831306990881459
      },
      "surprise": {
        "precision": 0.9485500467726847,
        "recall": 0.803486529318542,
        "f1": 0.87001287001287
      }
    },
    "support": {
      "anger": 1693,
      "disgust": 1541,
      "fear": 697,
      "joy": 1700,
      "neutral": 1950,
      "sadness": 1404,
      "surprise": 1262
    }
  }
}