{
  "dataset": "MER_BUILDER_AT_MFCC80_ROBUST_CLASSBAL",
  "modalities": [
    "A",
    "T"
  ],
  "num_classes": 7,
  "num_samples": 10247,
  "metrics": {
    "accuracy": 0.7442178198497121,
    "macro_f1": 0.7469158669882089,
    "weighted_f1": 0.7591287957044185,
    "uar": 0.7501261220402002,
    "per_class": {
      "anger": {
        "precision": 0.920487106017192,
        "recall": 0.7590076786769049,
        "f1": 0.8319844609906119
      },
      "disgust": {
        "precision": 0.4706904038211029,
        "recall": 0.7034393251135627,
        "f1": 0.5639958376690947
      },
      "fear": {
        "precision": 0.46812080536912754,
        "recall": 0.8005738880918221,
        "f1": 0.5907887771307571
      },
      "joy": {
        "precision": 0.7879767291531997,
        "recall": 0.7170588235294117,
        "f1": 0.750846935632892
      },
      "neutral": {
        "precision": 0.8729680915111379,
        "recall": 0.7435897435897436,
        "f1": 0.8031016338964276
      },
      "sadness": {
        "precision": 0.9575471698113207,
        "recall": 0.7229344729344729,
        "f1": 0.8238636363636364
      },
      "surprise": {
        "precision": 0.9329044117647058,
        "recall": 0.8042789223454834,
        "f1": 0.8638297872340426
      }
    },
    "support": {
      "anger": 1693,
      "disgust": 1541,
      "fear": 697,
      "joy": 1700,
      "neutral": 1950,
      "sadness": 1404,
      "surprise": 1262
    }
  }
}