{
  "dataset": "MER_BUILDER_AT_HF_E2E_ALL_STAGE2",
  "modalities": [
    "A",
    "T"
  ],
  "num_classes": 7,
  "num_samples": 820,
  "metrics": {
    "accuracy": 0.7170731707317073,
    "macro_f1": 0.6145284824632524,
    "weighted_f1": 0.7145146767699903,
    "uar": 0.6181972789115646,
    "per_class": {
      "anger": {
        "precision": 0.8776978417266187,
        "recall": 0.8714285714285714,
        "f1": 0.8745519713261649
      },
      "disgust": {
        "precision": 0.7142857142857143,
        "recall": 0.6071428571428571,
        "f1": 0.6563706563706564
      },
      "fear": {
        "precision": 0.5804597701149425,
        "recall": 0.7214285714285714,
        "f1": 0.643312101910828
      },
      "joy": {
        "precision": 0.92,
        "recall": 0.4928571428571429,
        "f1": 0.641860465116279
      },
      "neutral": {
        "precision": 0.7535211267605634,
        "recall": 0.8916666666666667,
        "f1": 0.816793893129771
      },
      "sadness": {
        "precision": 0.6081871345029239,
        "recall": 0.7428571428571429,
        "f1": 0.6688102893890675
      },
      "surprise": {
        "precision": 0.0,
        "recall": 0.0,
        "f1": 0.0
      }
    },
    "support": {
      "anger": 140,
      "disgust": 140,
      "fear": 140,
      "joy": 140,
      "neutral": 120,
      "sadness": 140,
      "surprise": 0
    }
  }
}