{
  "dataset": "MER_BUILDER_AT",
  "modalities": [
    "A",
    "T"
  ],
  "num_classes": 7,
  "num_samples": 10247,
  "metrics": {
    "accuracy": 0.7233336586317947,
    "macro_f1": 0.7142232330757817,
    "weighted_f1": 0.7244017496014562,
    "uar": 0.7196495789718352,
    "per_class": {
      "anger": {
        "precision": 0.7386483632523759,
        "recall": 0.826343768458358,
        "f1": 0.7800390298299414
      },
      "disgust": {
        "precision": 0.5584239130434783,
        "recall": 0.5334198572355613,
        "f1": 0.5456355791569864
      },
      "fear": {
        "precision": 0.5132947976878612,
        "recall": 0.6370157819225251,
        "f1": 0.5685019206145967
      },
      "joy": {
        "precision": 0.800711743772242,
        "recall": 0.6617647058823529,
        "f1": 0.7246376811594203
      },
      "neutral": {
        "precision": 0.7927170868347339,
        "recall": 0.7256410256410256,
        "f1": 0.7576974564926372
      },
      "sadness": {
        "precision": 0.6844827586206896,
        "recall": 0.8482905982905983,
        "f1": 0.7576335877862596
      },
      "surprise": {
        "precision": 0.9355432780847146,
        "recall": 0.8050713153724247,
        "f1": 0.8654173764906303
      }
    },
    "support": {
      "anger": 1693,
      "disgust": 1541,
      "fear": 697,
      "joy": 1700,
      "neutral": 1950,
      "sadness": 1404,
      "surprise": 1262
    }
  }
}