{
  "dataset": "IEMOCAP4_HF_E2E_CV",
  "modalities": [
    "T"
  ],
  "num_classes": 4,
  "num_samples": 2122,
  "metrics": {
    "accuracy": 0.6654099905749293,
    "macro_f1": 0.6269102165527256,
    "weighted_f1": 0.666917007763103,
    "uar": 0.647439848990357,
    "per_class": {
      "anger": {
        "precision": 0.772609819121447,
        "recall": 0.6961583236321304,
        "f1": 0.7323943661971831
      },
      "joy": {
        "precision": 0.7353407290015848,
        "recall": 0.755700325732899,
        "f1": 0.7453815261044177
      },
      "sadness": {
        "precision": 0.4587628865979381,
        "recall": 0.7035573122529645,
        "f1": 0.5553822152886115
      },
      "neutral": {
        "precision": 0.5227963525835866,
        "recall": 0.43434343434343436,
        "f1": 0.47448275862068967
      }
    },
    "support": {
      "anger": 859,
      "joy": 614,
      "sadness": 253,
      "neutral": 396
    }
  }
}