epoch,loss,accuracy,wf1,uar
1,1.2482574939727784,0.7,0.8235294117647058,0.175
2,0.909918236732483,1.0,1.0,1.0
3,1.0816546320915221,0.85,0.918918918918919,0.2833333333333333
