epoch,loss,accuracy,wf1,uar
1,1.1479511737823487,0.7,0.8235294117647058,0.175
2,1.2102128386497497,0.75,0.8571428571428571,0.1875
3,0.7578810453414917,1.0,1.0,1.0
