{
  "dataset": "MER_BUILDER_AT_HF_E2E",
  "modalities": [
    "A",
    "T"
  ],
  "num_classes": 7,
  "num_samples": 2610,
  "metrics": {
    "accuracy": 0.41762452107279696,
    "macro_f1": 0.26526124731126166,
    "weighted_f1": 0.42653073377985135,
    "uar": 0.2690286291602014,
    "per_class": {
      "anger": {
        "precision": 0.29508196721311475,
        "recall": 0.3652173913043478,
        "f1": 0.32642487046632124
      },
      "disgust": {
        "precision": 0.0625,
        "recall": 0.058823529411764705,
        "f1": 0.06060606060606061
      },
      "fear": {
        "precision": 0.02912621359223301,
        "recall": 0.06,
        "f1": 0.0392156862745098
      },
      "joy": {
        "precision": 0.3507692307692308,
        "recall": 0.2835820895522388,
        "f1": 0.31361760660247595
      },
      "neutral": {
        "precision": 0.6094827586206897,
        "recall": 0.5628980891719745,
        "f1": 0.5852649006622517
      },
      "sadness": {
        "precision": 0.18771331058020477,
        "recall": 0.2644230769230769,
        "f1": 0.21956087824351297
      },
      "surprise": {
        "precision": 0.3403361344537815,
        "recall": 0.28825622775800713,
        "f1": 0.31213872832369943
      }
    },
    "support": {
      "anger": 345,
      "disgust": 68,
      "fear": 50,
      "joy": 402,
      "neutral": 1256,
      "sadness": 208,
      "surprise": 281
    }
  }
}