epoch,loss,accuracy,wf1,uar,lr,time_epoch_sec
1,2.489958340676654,0.5779981965734896,0.5663050248710559,0.42812159694942625,1e-05,122.0001875
2,2.4805343188714937,0.5752930568079351,0.5616019829002834,0.4091733684742199,1e-05,59.978140625
3,2.4625305629614993,0.5752930568079351,0.5647724961255998,0.42128673557514823,5e-06,60.154046875
4,2.4528179435282813,0.5870153291253382,0.5741986889681904,0.42172978015964263,5e-06,61.17584375
