{
  "dataset": "IEMOCAP4_HF_E2E_CV",
  "modalities": [
    "T"
  ],
  "num_classes": 4,
  "num_samples": 2085,
  "metrics": {
    "accuracy": 0.6541966426858513,
    "macro_f1": 0.5947802497981002,
    "weighted_f1": 0.6437694751061988,
    "uar": 0.5884271910909689,
    "per_class": {
      "anger": {
        "precision": 0.6866666666666666,
        "recall": 0.7613516367476241,
        "f1": 0.7220831246870305
      },
      "joy": {
        "precision": 0.6979742173112339,
        "recall": 0.7564870259481038,
        "f1": 0.7260536398467433
      },
      "sadness": {
        "precision": 0.5787545787545788,
        "recall": 0.5146579804560261,
        "f1": 0.5448275862068965
      },
      "neutral": {
        "precision": 0.4840182648401826,
        "recall": 0.3212121212121212,
        "f1": 0.3861566484517304
      }
    },
    "support": {
      "anger": 947,
      "joy": 501,
      "sadness": 307,
      "neutral": 330
    }
  }
}