{
  "dataset": "MER_BUILDER_AT_HF_E2E_ALL_STAGE2",
  "modalities": [
    "A",
    "T"
  ],
  "num_classes": 7,
  "num_samples": 1787,
  "metrics": {
    "accuracy": 0.91494124230554,
    "macro_f1": 0.5150707359826638,
    "weighted_f1": 0.9162766220723774,
    "uar": 0.5048164822832024,
    "per_class": {
      "anger": {
        "precision": 0.9909502262443439,
        "recall": 0.7203947368421053,
        "f1": 0.8342857142857143
      },
      "disgust": {
        "precision": 0.9511400651465798,
        "recall": 0.8768768768768769,
        "f1": 0.9125
      },
      "fear": {
        "precision": 0.0,
        "recall": 0.0,
        "f1": 0.0
      },
      "joy": {
        "precision": 0.8726708074534162,
        "recall": 0.9493243243243243,
        "f1": 0.9093851132686084
      },
      "neutral": {
        "precision": 0.9143167028199566,
        "recall": 0.9871194379391101,
        "f1": 0.9493243243243243
      },
      "sadness": {
        "precision": 0.0,
        "recall": 0.0,
        "f1": 0.0
      },
      "surprise": {
        "precision": 0.0,
        "recall": 0.0,
        "f1": 0.0
      }
    },
    "support": {
      "anger": 304,
      "disgust": 333,
      "fear": 0,
      "joy": 296,
      "neutral": 854,
      "sadness": 0,
      "surprise": 0
    }
  }
}