epoch,loss,accuracy,wf1,uar,lr,time_epoch_sec
1,1.1219539190939576,0.607673860911271,0.6242537151029368,0.6441257334718574,2e-05,283.8025
2,1.2100126650121859,0.5784172661870504,0.5867106984586709,0.6390161616293102,2e-05,253.3379375
3,1.0941463969880156,0.6609112709832135,0.6728925580601463,0.6632684028740974,2e-05,251.05425
4,1.102349433853186,0.6714628297362111,0.6803782336480901,0.6470105362331657,2e-05,251.40725
5,1.1449921444451494,0.6935251798561151,0.7006345370277747,0.683784985798085,2e-05,251.31084375
6,1.1279314683209791,0.6805755395683454,0.6791374840589912,0.643369518493066,2e-05,252.440875
7,1.1177048002787344,0.6800959232613909,0.6795384278062323,0.6599490825226867,2e-05,252.04421875
8,1.1967448550162556,0.6853717026378897,0.6883154230088487,0.6540469059707366,1e-05,252.058875
9,1.1724111550717617,0.6796163069544364,0.6855543615851758,0.6727887520293181,1e-05,254.93421875
