epoch,loss,accuracy,wf1,uar,lr,time_epoch_sec
1,1.2660277280876104,0.6091127098321343,0.5646661957272604,0.5013123363391231,2e-05,84.7211171875
2,1.1783900238055405,0.6541966426858513,0.6437694751061988,0.5884271910909689,2e-05,50.15634375
3,1.2527829203388388,0.6167865707434053,0.6203737617961315,0.6021078980468821,2e-05,49.7935703125
4,1.2519842749305194,0.596642685851319,0.6105745676317686,0.604900648063305,2e-05,49.443609375
5,1.2198356714180048,0.6244604316546762,0.6235206744122936,0.5936477053351039,2e-05,49.17381640625
6,1.2577892788880163,0.6302158273381295,0.6304112056038497,0.5763434738006619,2e-05,49.98594140625
