epoch,loss,accuracy,wf1,uar,lr,time_epoch_sec,optimizer_steps
1,1.3641061769565719,0.4453074433656958,0.4612139449225863,0.4449320000287914,2e-05,84.7211171875,242.0
2,1.0964906465737179,0.6346925566343042,0.6450432641866185,0.6410177677157107,2e-05,50.15634375,242.0
3,0.9664253976661411,0.7193527508090615,0.7262684576338982,0.7212627468145942,2e-05,49.7935703125,242.0
4,0.8897415745682701,0.7620711974110033,0.7675352820665432,0.767942581513722,2e-05,49.443609375,242.0
5,0.8414296111628461,0.7899029126213593,0.7944811441483276,0.7959700722003369,2e-05,49.17381640625,242.0
6,0.8031527309201681,0.8098381877022653,0.8132767296840044,0.8114181739113882,2e-05,49.98594140625,242.0
