{
  "dataset": "IEMOCAP4_HF_E2E_CV",
  "modalities": [
    "A",
    "T"
  ],
  "num_classes": 4,
  "num_samples": 2122,
  "metrics": {
    "accuracy": 0.7214891611687088,
    "macro_f1": 0.6941097331042253,
    "weighted_f1": 0.7227558095811196,
    "uar": 0.6988118883294596,
    "per_class": {
      "anger": {
        "precision": 0.796044499381953,
        "recall": 0.7497089639115251,
        "f1": 0.7721822541966427
      },
      "joy": {
        "precision": 0.7737341772151899,
        "recall": 0.7964169381107492,
        "f1": 0.7849117174959872
      },
      "sadness": {
        "precision": 0.6452830188679245,
        "recall": 0.6758893280632411,
        "f1": 0.6602316602316602
      },
      "neutral": {
        "precision": 0.5456730769230769,
        "recall": 0.5732323232323232,
        "f1": 0.5591133004926109
      }
    },
    "support": {
      "anger": 859,
      "joy": 614,
      "sadness": 253,
      "neutral": 396
    }
  }
}