{
  "dataset": "IEMOCAP4_HF_E2E_CV",
  "modalities": [
    "A"
  ],
  "num_classes": 4,
  "num_samples": 2063,
  "metrics": {
    "accuracy": 0.6858943286476006,
    "macro_f1": 0.6143175760659307,
    "weighted_f1": 0.6920954261218065,
    "uar": 0.6402387346338597,
    "per_class": {
      "anger": {
        "precision": 0.8135922330097087,
        "recall": 0.7495527728085868,
        "f1": 0.7802607076350093
      },
      "joy": {
        "precision": 0.6816479400749064,
        "recall": 0.6728280961182994,
        "f1": 0.6772093023255814
      },
      "sadness": {
        "precision": 0.53125,
        "recall": 0.7132867132867133,
        "f1": 0.608955223880597
      },
      "neutral": {
        "precision": 0.36156351791530944,
        "recall": 0.42528735632183906,
        "f1": 0.3908450704225352
      }
    },
    "support": {
      "anger": 1118,
      "joy": 541,
      "sadness": 143,
      "neutral": 261
    }
  }
}