epoch,loss,accuracy,wf1,uar,lr,time_epoch_sec
1,1.374729483763107,0.5110356536502547,0.4836468605089885,0.5971807720509632,2e-05,287.22846875
2,1.0145661785363747,0.6893039049235993,0.6974936659800977,0.6962283455428728,2e-05,253.647765625
3,1.1121887661470284,0.6559139784946236,0.6604310907658211,0.6766831722081027,2e-05,252.96109375
4,1.1069814931489548,0.6904357668364459,0.6774468980582229,0.6896813398514253,2e-05,254.440375
5,1.1468447230937593,0.6728919071873232,0.6716995120230138,0.679353004539252,1e-05,254.002375
6,1.15475819019119,0.6627051499717035,0.6638744736214747,0.6765013882690971,1e-05,254.718015625
