epoch,loss,accuracy,wf1,uar,lr,time_epoch_sec,optimizer_steps
1,1.2799775198548495,0.5158522939201791,0.5256886439510204,0.5371362720430565,2e-05,287.22846875,252.0
2,0.9511031991107746,0.7045878403580753,0.711029819687342,0.7296797268269266,2e-05,253.647765625,252.0
3,0.8560640583076273,0.7683700111898545,0.772741505859279,0.7830374226411968,2e-05,252.96109375,252.0
4,0.7854714068728538,0.8116374487131667,0.8144950088782246,0.8280317349280486,2e-05,254.440375,252.0
5,0.7385279556997347,0.835509138381201,0.8377999231068433,0.8490999635628889,1e-05,254.002375,252.0
6,0.6429334608058676,0.8918314061917195,0.8927984716269497,0.9006325091452664,1e-05,254.718015625,252.0
