{
  "dataset": "IEMOCAP4_HF_E2E_CV",
  "modalities": [
    "A"
  ],
  "num_classes": 4,
  "num_samples": 2122,
  "metrics": {
    "accuracy": 0.6460885956644675,
    "macro_f1": 0.6273812800612205,
    "weighted_f1": 0.6526471917705712,
    "uar": 0.6359905392344045,
    "per_class": {
      "anger": {
        "precision": 0.7645569620253164,
        "recall": 0.7031431897555297,
        "f1": 0.7325651910248635
      },
      "joy": {
        "precision": 0.7586206896551724,
        "recall": 0.5374592833876222,
        "f1": 0.6291706387035272
      },
      "sadness": {
        "precision": 0.6451612903225806,
        "recall": 0.5533596837944664,
        "f1": 0.5957446808510638
      },
      "neutral": {
        "precision": 0.43676470588235294,
        "recall": 0.75,
        "f1": 0.5520446096654275
      }
    },
    "support": {
      "anger": 859,
      "joy": 614,
      "sadness": 253,
      "neutral": 396
    }
  }
}