{
  "dataset": "IEMOCAP4_HF_E2E_CV",
  "modalities": [
    "T"
  ],
  "num_classes": 4,
  "num_samples": 1773,
  "metrics": {
    "accuracy": 0.6790750141003948,
    "macro_f1": 0.6500563479782122,
    "weighted_f1": 0.685394464883045,
    "uar": 0.6524089315762001,
    "per_class": {
      "anger": {
        "precision": 0.7665198237885462,
        "recall": 0.7362482369534555,
        "f1": 0.7510791366906475
      },
      "joy": {
        "precision": 0.821256038647343,
        "recall": 0.6827309236947792,
        "f1": 0.7456140350877193
      },
      "sadness": {
        "precision": 0.5490196078431373,
        "recall": 0.5656565656565656,
        "f1": 0.5572139303482587
      },
      "neutral": {
        "precision": 0.48523206751054854,
        "recall": 0.625,
        "f1": 0.5463182897862233
      }
    },
    "support": {
      "anger": 709,
      "joy": 498,
      "sadness": 198,
      "neutral": 368
    }
  }
}