{
  "dataset": "MER_BUILDER_AT_HF_E2E_ALL_STAGE1",
  "modalities": [
    "A",
    "T"
  ],
  "num_classes": 7,
  "num_samples": 2610,
  "metrics": {
    "accuracy": 0.22567049808429118,
    "macro_f1": 0.13409828818917033,
    "weighted_f1": 0.1959101565148378,
    "uar": 0.18651515736246957,
    "per_class": {
      "anger": {
        "precision": 0.32083333333333336,
        "recall": 0.22318840579710145,
        "f1": 0.26324786324786326
      },
      "disgust": {
        "precision": 0.0,
        "recall": 0.0,
        "f1": 0.0
      },
      "fear": {
        "precision": 0.038461538461538464,
        "recall": 0.06,
        "f1": 0.046875
      },
      "joy": {
        "precision": 0.17981246552675123,
        "recall": 0.8109452736318408,
        "f1": 0.2943566591422122
      },
      "neutral": {
        "precision": 0.6388888888888888,
        "recall": 0.12818471337579618,
        "f1": 0.21352785145888595
      },
      "sadness": {
        "precision": 0.08163265306122448,
        "recall": 0.019230769230769232,
        "f1": 0.0311284046692607
      },
      "surprise": {
        "precision": 0.1487603305785124,
        "recall": 0.06405693950177936,
        "f1": 0.08955223880597014
      }
    },
    "support": {
      "anger": 345,
      "disgust": 68,
      "fear": 50,
      "joy": 402,
      "neutral": 1256,
      "sadness": 208,
      "surprise": 281
    }
  }
}