{
  "dataset": "IEMOCAP4_HF_E2E_CV",
  "modalities": [
    "A",
    "T"
  ],
  "num_classes": 4,
  "num_samples": 2085,
  "metrics": {
    "accuracy": 0.7031175059952038,
    "macro_f1": 0.6568855132183067,
    "weighted_f1": 0.698519048391419,
    "uar": 0.661437021941725,
    "per_class": {
      "anger": {
        "precision": 0.7632950990615224,
        "recall": 0.7729672650475184,
        "f1": 0.7681007345225603
      },
      "joy": {
        "precision": 0.7485493230174082,
        "recall": 0.7724550898203593,
        "f1": 0.7603143418467584
      },
      "sadness": {
        "precision": 0.581081081081081,
        "recall": 0.7003257328990228,
        "f1": 0.6351550960118169
      },
      "neutral": {
        "precision": 0.5523012552301255,
        "recall": 0.4,
        "f1": 0.46397188049209137
      }
    },
    "support": {
      "anger": 947,
      "joy": 501,
      "sadness": 307,
      "neutral": 330
    }
  }
}