epoch,loss,accuracy,wf1,uar,lr,time_epoch_sec
1,0.8963883522735487,0.8738100509187514,0.8738431743335562,0.8670633570480464,2e-05,1904.25825
2,0.8907600101153619,0.8756918308611911,0.8761145984482862,0.8717805188137443,2e-05,1913.018
3,0.8991120097012759,0.8786805401815364,0.8791970923363861,0.8759628768520129,2e-05,1871.058625
4,0.8745156732681237,0.8826654859419969,0.8828533830088765,0.8824060260853462,2e-05,1869.99025
5,0.9137900098515,0.8738100509187514,0.8741659651096455,0.8690992163621996,2e-05,1919.56225
6,0.895132814845549,0.8774629178658402,0.877703846330786,0.8697137524386246,2e-05,1902.245125
7,0.8909597941170178,0.8789019260571176,0.8794046829668221,0.876934690969711,1e-05,1926.098375
8,0.8977998123513087,0.8812264777507195,0.881782023871643,0.88101241233339,1e-05,1902.934
