{
  "dataset": "IEMOCAP4_HF_E2E_CV",
  "modalities": [
    "T"
  ],
  "num_classes": 4,
  "num_samples": 2085,
  "metrics": {
    "accuracy": 0.6441247002398082,
    "macro_f1": 0.5787075433349521,
    "weighted_f1": 0.6332025779638315,
    "uar": 0.5617168497228854,
    "per_class": {
      "anger": {
        "precision": 0.6599664991624791,
        "recall": 0.8321013727560718,
        "f1": 0.7361046240074731
      },
      "joy": {
        "precision": 0.7849462365591398,
        "recall": 0.5828343313373253,
        "f1": 0.6689576174112256
      },
      "sadness": {
        "precision": 0.5661764705882353,
        "recall": 0.501628664495114,
        "f1": 0.531951640759931
      },
      "neutral": {
        "precision": 0.44129554655870445,
        "recall": 0.3303030303030303,
        "f1": 0.3778162911611785
      }
    },
    "support": {
      "anger": 947,
      "joy": 501,
      "sadness": 307,
      "neutral": 330
    }
  }
}