{
  "dataset": "IEMOCAP",
  "modalities": [
    "A",
    "V",
    "T"
  ],
  "num_classes": 3,
  "num_samples": 12,
  "metrics": {
    "accuracy": 0.25,
    "macro_f1": 0.23148148148148148,
    "weighted_f1": 0.2523148148148148,
    "uar": 0.2333333333333333,
    "per_class": {
      "0": {
        "precision": 0.0,
        "recall": 0.0,
        "f1": 0.0
      },
      "1": {
        "precision": 0.3333333333333333,
        "recall": 0.2,
        "f1": 0.25
      },
      "2": {
        "precision": 0.4,
        "recall": 0.5,
        "f1": 0.4444444444444444
      }
    },
    "support": {
      "0": 3,
      "1": 5,
      "2": 4
    }
  }
}