epoch,loss,accuracy,wf1,uar
1,1.2349371115366619,0.25,0.2523148148148148,0.2333333333333333
