epoch,loss,accuracy,wf1,uar
1,1.5781176487604778,0.125,0.11562500000000002,0.12554112554112554
