{
  "dataset": "MER_BUILDER_AT_HF_E2E_MELD_FT_CTX0_A20",
  "modalities": [
    "A",
    "T"
  ],
  "num_classes": 7,
  "num_samples": 3960,
  "metrics": {
    "accuracy": 0.9398989898989899,
    "macro_f1": 0.9366263650408538,
    "weighted_f1": 0.9400759847322192,
    "uar": 0.9374371216104821,
    "per_class": {
      "anger": {
        "precision": 0.9669902912621359,
        "recall": 0.9485714285714286,
        "f1": 0.9576923076923077
      },
      "disgust": {
        "precision": 0.940677966101695,
        "recall": 0.9568965517241379,
        "f1": 0.9487179487179487
      },
      "fear": {
        "precision": 0.8920863309352518,
        "recall": 0.9305816135084428,
        "f1": 0.9109274563820018
      },
      "joy": {
        "precision": 0.9728682170542635,
        "recall": 0.9296296296296296,
        "f1": 0.9507575757575758
      },
      "neutral": {
        "precision": 0.8858267716535433,
        "recall": 0.9375,
        "f1": 0.9109311740890689
      },
      "sadness": {
        "precision": 0.9153439153439153,
        "recall": 0.9611111111111111,
        "f1": 0.9376693766937669
      },
      "surprise": {
        "precision": 0.9857142857142858,
        "recall": 0.8977695167286245,
        "f1": 0.9396887159533074
      }
    },
    "support": {
      "anger": 525,
      "disgust": 1044,
      "fear": 533,
      "joy": 540,
      "neutral": 240,
      "sadness": 540,
      "surprise": 538
    }
  }
}