{
  "dataset": "IEMOCAP",
  "modalities": [
    "A"
  ],
  "num_classes": 3,
  "num_samples": 12,
  "metrics": {
    "accuracy": 0.5833333333333334,
    "macro_f1": 0.544011544011544,
    "weighted_f1": 0.5241702741702742,
    "uar": 0.6222222222222222,
    "per_class": {
      "0": {
        "precision": 0.5,
        "recall": 0.6666666666666666,
        "f1": 0.5714285714285714
      },
      "1": {
        "precision": 1.0,
        "recall": 0.2,
        "f1": 0.3333333333333333
      },
      "2": {
        "precision": 0.5714285714285714,
        "recall": 1.0,
        "f1": 0.7272727272727273
      }
    },
    "support": {
      "0": 3,
      "1": 5,
      "2": 4
    }
  }
}