epoch,loss,accuracy,wf1,uar
1,1.5671737293402355,0.4166666666666667,0.3773809523809524,0.45743145743145747
