{
  "dataset": "MER_BUILDER_AT_HF_E2E_MELD_FT_CTX9_A20",
  "modalities": [
    "A",
    "T"
  ],
  "num_classes": 7,
  "num_samples": 3960,
  "metrics": {
    "accuracy": 0.9404040404040404,
    "macro_f1": 0.9373392053708207,
    "weighted_f1": 0.9404380000702246,
    "uar": 0.9351892271568006,
    "per_class": {
      "anger": {
        "precision": 0.9654510556621881,
        "recall": 0.9580952380952381,
        "f1": 0.9617590822179732
      },
      "disgust": {
        "precision": 0.9382600561272217,
        "recall": 0.960727969348659,
        "f1": 0.9493610979649787
      },
      "fear": {
        "precision": 0.8940754039497307,
        "recall": 0.9343339587242027,
        "f1": 0.9137614678899083
      },
      "joy": {
        "precision": 0.9457943925233645,
        "recall": 0.937037037037037,
        "f1": 0.9413953488372093
      },
      "neutral": {
        "precision": 0.923728813559322,
        "recall": 0.9083333333333333,
        "f1": 0.9159663865546218
      },
      "sadness": {
        "precision": 0.9425925925925925,
        "recall": 0.9425925925925925,
        "f1": 0.9425925925925925
      },
      "surprise": {
        "precision": 0.9701195219123506,
        "recall": 0.9052044609665427,
        "f1": 0.9365384615384615
      }
    },
    "support": {
      "anger": 525,
      "disgust": 1044,
      "fear": 533,
      "joy": 540,
      "neutral": 240,
      "sadness": 540,
      "surprise": 538
    }
  }
}