{
  "dataset": "IEMOCAP4_HF_E2E_CV",
  "modalities": [
    "T"
  ],
  "num_classes": 4,
  "num_samples": 2085,
  "metrics": {
    "accuracy": 0.6225419664268586,
    "macro_f1": 0.5915474539480315,
    "weighted_f1": 0.6336024050445906,
    "uar": 0.5994009159465192,
    "per_class": {
      "anger": {
        "precision": 0.755771567436209,
        "recall": 0.6568109820485745,
        "f1": 0.7028248587570621
      },
      "joy": {
        "precision": 0.7337807606263982,
        "recall": 0.654690618762475,
        "f1": 0.6919831223628692
      },
      "sadness": {
        "precision": 0.5864978902953587,
        "recall": 0.4527687296416938,
        "f1": 0.5110294117647058
      },
      "neutral": {
        "precision": 0.3615916955017301,
        "recall": 0.6333333333333333,
        "f1": 0.460352422907489
      }
    },
    "support": {
      "anger": 947,
      "joy": 501,
      "sadness": 307,
      "neutral": 330
    }
  }
}