{
  "dataset": "MER_BUILDER_AT_HF_E2E",
  "modalities": [
    "A",
    "T"
  ],
  "num_classes": 7,
  "num_samples": 3960,
  "metrics": {
    "accuracy": 0.06060606060606061,
    "macro_f1": 0.016326530612244896,
    "weighted_f1": 0.006926406926406926,
    "uar": 0.14285714285714285,
    "per_class": {
      "anger": {
        "precision": 0.0,
        "recall": 0.0,
        "f1": 0.0
      },
      "disgust": {
        "precision": 0.0,
        "recall": 0.0,
        "f1": 0.0
      },
      "fear": {
        "precision": 0.0,
        "recall": 0.0,
        "f1": 0.0
      },
      "joy": {
        "precision": 0.0,
        "recall": 0.0,
        "f1": 0.0
      },
      "neutral": {
        "precision": 0.06060606060606061,
        "recall": 1.0,
        "f1": 0.11428571428571428
      },
      "sadness": {
        "precision": 0.0,
        "recall": 0.0,
        "f1": 0.0
      },
      "surprise": {
        "precision": 0.0,
        "recall": 0.0,
        "f1": 0.0
      }
    },
    "support": {
      "anger": 525,
      "disgust": 1044,
      "fear": 533,
      "joy": 540,
      "neutral": 240,
      "sadness": 540,
      "surprise": 538
    }
  }
}