{
  "dataset": "MER_BUILDER_AT_HF_E2E_MELD_FT_CTX9_A20",
  "modalities": [
    "A",
    "T"
  ],
  "num_classes": 7,
  "num_samples": 2610,
  "metrics": {
    "accuracy": 0.6088122605363985,
    "macro_f1": 0.4358687993302646,
    "weighted_f1": 0.6067189944809162,
    "uar": 0.4338549913938568,
    "per_class": {
      "anger": {
        "precision": 0.4265129682997118,
        "recall": 0.4289855072463768,
        "f1": 0.4277456647398844
      },
      "disgust": {
        "precision": 0.2459016393442623,
        "recall": 0.22058823529411764,
        "f1": 0.23255813953488372
      },
      "fear": {
        "precision": 0.17307692307692307,
        "recall": 0.18,
        "f1": 0.17647058823529413
      },
      "joy": {
        "precision": 0.5766233766233766,
        "recall": 0.5522388059701493,
        "f1": 0.5641677255400254
      },
      "neutral": {
        "precision": 0.7574102964118564,
        "recall": 0.7730891719745223,
        "f1": 0.7651694247438928
      },
      "sadness": {
        "precision": 0.3655913978494624,
        "recall": 0.3269230769230769,
        "f1": 0.34517766497461927
      },
      "surprise": {
        "precision": 0.5252525252525253,
        "recall": 0.5551601423487544,
        "f1": 0.5397923875432526
      }
    },
    "support": {
      "anger": 345,
      "disgust": 68,
      "fear": 50,
      "joy": 402,
      "neutral": 1256,
      "sadness": 208,
      "surprise": 281
    }
  }
}