{
  "dataset": "MER_BUILDER_AT_HF_E2E_ALL_STAGE2",
  "modalities": [
    "A",
    "T"
  ],
  "num_classes": 7,
  "num_samples": 2610,
  "metrics": {
    "accuracy": 0.5980842911877394,
    "macro_f1": 0.424997510531981,
    "weighted_f1": 0.5954329214595442,
    "uar": 0.4265166304775107,
    "per_class": {
      "anger": {
        "precision": 0.46953405017921146,
        "recall": 0.37971014492753624,
        "f1": 0.4198717948717949
      },
      "disgust": {
        "precision": 0.2073170731707317,
        "recall": 0.25,
        "f1": 0.22666666666666666
      },
      "fear": {
        "precision": 0.15384615384615385,
        "recall": 0.2,
        "f1": 0.17391304347826086
      },
      "joy": {
        "precision": 0.5880758807588076,
        "recall": 0.5398009950248757,
        "f1": 0.562905317769131
      },
      "neutral": {
        "precision": 0.7373202119606359,
        "recall": 0.7754777070063694,
        "f1": 0.7559177337989911
      },
      "sadness": {
        "precision": 0.3670212765957447,
        "recall": 0.3317307692307692,
        "f1": 0.3484848484848485
      },
      "surprise": {
        "precision": 0.4673202614379085,
        "recall": 0.5088967971530249,
        "f1": 0.48722316865417375
      }
    },
    "support": {
      "anger": 345,
      "disgust": 68,
      "fear": 50,
      "joy": 402,
      "neutral": 1256,
      "sadness": 208,
      "surprise": 281
    }
  }
}