{
  "dataset": "IEMOCAP4_HF_E2E_CV",
  "modalities": [
    "A",
    "T"
  ],
  "num_classes": 4,
  "num_samples": 2063,
  "metrics": {
    "accuracy": 0.7300048473097431,
    "macro_f1": 0.6557266163321529,
    "weighted_f1": 0.7362848524530149,
    "uar": 0.686869667726682,
    "per_class": {
      "anger": {
        "precision": 0.8485148514851485,
        "recall": 0.7665474060822898,
        "f1": 0.8054511278195489
      },
      "joy": {
        "precision": 0.7667269439421338,
        "recall": 0.7837338262476895,
        "f1": 0.7751371115173674
      },
      "sadness": {
        "precision": 0.53,
        "recall": 0.7412587412587412,
        "f1": 0.6180758017492711
      },
      "neutral": {
        "precision": 0.39666666666666667,
        "recall": 0.4559386973180077,
        "f1": 0.42424242424242425
      }
    },
    "support": {
      "anger": 1118,
      "joy": 541,
      "sadness": 143,
      "neutral": 261
    }
  }
}