{
  "dataset": "MER_BUILDER_AT_HF_E2E_ALL_STAGE2",
  "modalities": [
    "A",
    "T"
  ],
  "num_classes": 7,
  "num_samples": 3960,
  "metrics": {
    "accuracy": 0.9267676767676768,
    "macro_f1": 0.9262818326312586,
    "weighted_f1": 0.9268464865042727,
    "uar": 0.9166007937609475,
    "per_class": {
      "anger": {
        "precision": 0.9458413926499033,
        "recall": 0.9314285714285714,
        "f1": 0.9385796545105566
      },
      "disgust": {
        "precision": 0.8686440677966102,
        "recall": 0.9818007662835249,
        "f1": 0.9217625899280576
      },
      "fear": {
        "precision": 0.9525691699604744,
        "recall": 0.9043151969981238,
        "f1": 0.9278152069297402
      },
      "joy": {
        "precision": 0.9679358717434869,
        "recall": 0.8944444444444445,
        "f1": 0.9297401347449471
      },
      "neutral": {
        "precision": 0.9304347826086956,
        "recall": 0.8916666666666667,
        "f1": 0.9106382978723404
      },
      "sadness": {
        "precision": 0.9504761904761905,
        "recall": 0.924074074074074,
        "f1": 0.9370892018779343
      },
      "surprise": {
        "precision": 0.9502982107355865,
        "recall": 0.8884758364312267,
        "f1": 0.9183477425552353
      }
    },
    "support": {
      "anger": 525,
      "disgust": 1044,
      "fear": 533,
      "joy": 540,
      "neutral": 240,
      "sadness": 540,
      "surprise": 538
    }
  }
}