epoch,loss,accuracy,wf1,uar,lr,time_epoch_sec
1,1.4092721155462518,0.6050317750500566,0.585757245779998,0.5565120118105431,0.001,1072.72275
2,1.2481561994452985,0.6665796117350048,0.6620474845403953,0.6370529663813773,0.001,1031.08
3,1.2166330466291617,0.6768520936711064,0.6901485368248997,0.6770981431646896,0.001,1040.2451875
4,1.037333903647262,0.7787063637155045,0.778758276898754,0.7655125882932217,0.001,1039.786375
5,1.0347142153956035,0.7781840341255332,0.7758111280346573,0.7716408185260969,0.001,1047.8125
