epoch,loss,accuracy,wf1,uar
1,1.2079964478810628,0.5833333333333334,0.5241702741702742,0.6222222222222222
