{
  "dataset": "MER_BUILDER_AT_HF_E2E_MELD_FT_CTX7_A15",
  "modalities": [
    "A",
    "T"
  ],
  "num_classes": 7,
  "num_samples": 2610,
  "metrics": {
    "accuracy": 0.6,
    "macro_f1": 0.4234486009304767,
    "weighted_f1": 0.5979081307824718,
    "uar": 0.42243189415831134,
    "per_class": {
      "anger": {
        "precision": 0.45288753799392095,
        "recall": 0.4318840579710145,
        "f1": 0.4421364985163205
      },
      "disgust": {
        "precision": 0.171875,
        "recall": 0.16176470588235295,
        "f1": 0.16666666666666666
      },
      "fear": {
        "precision": 0.16923076923076924,
        "recall": 0.22,
        "f1": 0.19130434782608696
      },
      "joy": {
        "precision": 0.5645569620253165,
        "recall": 0.554726368159204,
        "f1": 0.5595984943538268
      },
      "neutral": {
        "precision": 0.7411674347158218,
        "recall": 0.768312101910828,
        "f1": 0.7544956997654417
      },
      "sadness": {
        "precision": 0.34536082474226804,
        "recall": 0.32211538461538464,
        "f1": 0.3333333333333333
      },
      "surprise": {
        "precision": 0.5363984674329502,
        "recall": 0.498220640569395,
        "f1": 0.5166051660516605
      }
    },
    "support": {
      "anger": 345,
      "disgust": 68,
      "fear": 50,
      "joy": 402,
      "neutral": 1256,
      "sadness": 208,
      "surprise": 281
    }
  }
}