{
  "dataset": "MER_BUILDER_AT_HF_E2E_ALL_STAGE2",
  "modalities": [
    "A",
    "T"
  ],
  "num_classes": 7,
  "num_samples": 3960,
  "metrics": {
    "accuracy": 0.9391414141414142,
    "macro_f1": 0.9335961284364205,
    "weighted_f1": 0.9395513550396198,
    "uar": 0.9370778235778692,
    "per_class": {
      "anger": {
        "precision": 0.9614643545279383,
        "recall": 0.9504761904761905,
        "f1": 0.9559386973180076
      },
      "disgust": {
        "precision": 0.9488151658767773,
        "recall": 0.9588122605363985,
        "f1": 0.9537875178656503
      },
      "fear": {
        "precision": 0.8700173310225303,
        "recall": 0.9418386491557224,
        "f1": 0.9045045045045045
      },
      "joy": {
        "precision": 0.971042471042471,
        "recall": 0.9314814814814815,
        "f1": 0.9508506616257089
      },
      "neutral": {
        "precision": 0.8376383763837638,
        "recall": 0.9458333333333333,
        "f1": 0.8884540117416829
      },
      "sadness": {
        "precision": 0.9581749049429658,
        "recall": 0.9333333333333333,
        "f1": 0.9455909943714822
      },
      "surprise": {
        "precision": 0.9777327935222672,
        "recall": 0.8977695167286245,
        "f1": 0.936046511627907
      }
    },
    "support": {
      "anger": 525,
      "disgust": 1044,
      "fear": 533,
      "joy": 540,
      "neutral": 240,
      "sadness": 540,
      "surprise": 538
    }
  }
}