{
  "dataset": "IEMOCAP4_HF_E2E_CV",
  "modalities": [
    "T"
  ],
  "num_classes": 4,
  "num_samples": 1767,
  "metrics": {
    "accuracy": 0.6327108092812677,
    "macro_f1": 0.5829561584763652,
    "weighted_f1": 0.6246888555273296,
    "uar": 0.5874706208815146,
    "per_class": {
      "anger": {
        "precision": 0.6917293233082706,
        "recall": 0.772027972027972,
        "f1": 0.729676140118969
      },
      "joy": {
        "precision": 0.7213483146067415,
        "recall": 0.7197309417040358,
        "f1": 0.7205387205387206
      },
      "sadness": {
        "precision": 0.4449152542372881,
        "recall": 0.5072463768115942,
        "f1": 0.47404063205417607
      },
      "neutral": {
        "precision": 0.4861111111111111,
        "recall": 0.3508771929824561,
        "f1": 0.40756914119359533
      }
    },
    "support": {
      "anger": 715,
      "joy": 446,
      "sadness": 207,
      "neutral": 399
    }
  }
}