{
  "dataset": "MER_BUILDER_AT",
  "modalities": [
    "A",
    "T"
  ],
  "num_classes": 7,
  "num_samples": 10247,
  "metrics": {
    "accuracy": 0.7571972284571094,
    "macro_f1": 0.7498188942296805,
    "weighted_f1": 0.7583545906101309,
    "uar": 0.7521364154875914,
    "per_class": {
      "anger": {
        "precision": 0.808235294117647,
        "recall": 0.8115770821027761,
        "f1": 0.8099027409372237
      },
      "disgust": {
        "precision": 0.613500992720053,
        "recall": 0.6015574302401038,
        "f1": 0.6074705111402359
      },
      "fear": {
        "precision": 0.5705669481302774,
        "recall": 0.6786226685796269,
        "f1": 0.6199213630406291
      },
      "joy": {
        "precision": 0.7872070930968967,
        "recall": 0.7311764705882353,
        "f1": 0.7581579749923757
      },
      "neutral": {
        "precision": 0.7580405739732805,
        "recall": 0.7856410256410257,
        "f1": 0.7715940569126165
      },
      "sadness": {
        "precision": 0.7891927951967979,
        "recall": 0.8425925925925926,
        "f1": 0.8150189459180158
      },
      "surprise": {
        "precision": 0.9268953068592057,
        "recall": 0.8137876386687797,
        "f1": 0.8666666666666667
      }
    },
    "support": {
      "anger": 1693,
      "disgust": 1541,
      "fear": 697,
      "joy": 1700,
      "neutral": 1950,
      "sadness": 1404,
      "surprise": 1262
    }
  }
}