epoch,loss,accuracy,wf1,uar,lr,time_epoch_sec
1,0.7045626425977433,0.9315860474079785,0.931691035131782,0.9225783588424915,2e-05,1675.203625
2,0.7165128843222401,0.9336095586818269,0.9335906275864256,0.9213233138574546,2e-05,1655.851875
3,0.7355456552562467,0.924359221429948,0.9242718498158693,0.9111523522958184,2e-05,1655.181125
4,0.714495789650939,0.9327423395644633,0.9326521059047197,0.9207448517025157,1e-05,1656.9585
5,0.7226507639719539,0.9315860474079785,0.9313055851261313,0.9185318086145121,1e-05,1650.152375
