epoch,loss,accuracy,wf1,uar,lr,time_epoch_sec
1,1.2246980360657762,0.5817745803357314,0.590696555676696,0.5611370370026332,2e-05,78.9074296875
2,1.2150395260154487,0.6441247002398082,0.6332025779638315,0.5617168497228854,2e-05,47.47598828125
3,1.25061188281583,0.5784172661870504,0.602436474241684,0.6006617075581206,2e-05,49.80853125
4,1.2339755805562154,0.6177458033573141,0.6189990069330079,0.5922238763379564,2e-05,48.7218046875
5,1.3342958591538938,0.5793764988009592,0.5965922228343535,0.5993478939290885,2e-05,48.169734375
6,1.2496157443780693,0.6129496402877698,0.6244491247812719,0.6010866172635906,2e-05,49.06972265625
