epoch,loss,accuracy,wf1,uar,lr,time_epoch_sec,optimizer_steps
1,1.3949574742579538,0.43469255663430423,0.4532745624286961,0.428057450894192,2e-05,78.9074296875,242.0
2,1.0944252623554958,0.6396116504854369,0.6494481555740506,0.6377261613374924,2e-05,47.47598828125,242.0
3,0.9745546075055515,0.7135275080906149,0.7207224158314844,0.7146407151070971,2e-05,49.80853125,242.0
4,0.9014392540910098,0.7555987055016181,0.7612723425819039,0.7571370474504096,2e-05,48.7218046875,242.0
5,0.850185653692696,0.7838187702265372,0.788292725488987,0.7876989749713491,2e-05,48.169734375,242.0
6,0.7972521091047614,0.8137216828478965,0.8173197845039617,0.8163457999382487,2e-05,49.06972265625,242.0
