epoch,loss,accuracy,wf1,uar,lr,time_epoch_sec,optimizer_steps
1,1.3907185388444356,0.4257117990799453,0.4427371563132692,0.43090825460309773,2e-05,80.6177890625,252.0
2,1.0929693090490302,0.6319781176178043,0.6422361663118054,0.6469162867838325,2e-05,50.2092109375,252.0
3,0.9569030662800088,0.7161506900410295,0.7235780449821146,0.7264114651369399,2e-05,50.985171875,252.0
4,0.8903610535585715,0.7558125077707323,0.761623080131563,0.7665410171449722,2e-05,51.03666015625,252.0
5,0.8212910725467762,0.7960959840855403,0.8002070869219362,0.8044704315940471,2e-05,49.6646953125,252.0
6,0.7774211145315866,0.8227029715280368,0.8258136008293278,0.8289902402382996,2e-05,51.7627890625,252.0
7,0.7351623427789336,0.8391147581748104,0.8415873472810755,0.8473053802897919,1e-05,50.42603125,252.0
