epoch,loss,accuracy,wf1,uar,lr,time_epoch_sec
1,1.2423108877539297,0.48047538200339557,0.47540958775744,0.538606344479809,2e-05,80.6177890625
2,1.1490591676746578,0.613469156762875,0.6186771726749725,0.6074541647229459,2e-05,50.2092109375
3,1.1900344747706328,0.6157328805885682,0.6258029348046079,0.6027665222599087,2e-05,50.985171875
4,1.2568365724058426,0.5930956423316356,0.6057644696839761,0.6082130721549506,2e-05,51.03666015625
5,1.2308652985885309,0.6157328805885682,0.6193378925593306,0.6042030164237735,2e-05,49.6646953125
6,1.2867516640491519,0.613469156762875,0.6146469689006954,0.5815978452423949,2e-05,51.7627890625
7,1.2784256040881297,0.611771363893605,0.610552272446125,0.5933628276338971,1e-05,50.42603125
