{
  "dataset": "IEMOCAP4_HF_E2E_CV",
  "modalities": [
    "A",
    "T"
  ],
  "num_classes": 4,
  "num_samples": 1773,
  "metrics": {
    "accuracy": 0.7078398195149465,
    "macro_f1": 0.693010131194888,
    "weighted_f1": 0.7120217650765882,
    "uar": 0.6932735811950778,
    "per_class": {
      "anger": {
        "precision": 0.7659574468085106,
        "recall": 0.7616361071932299,
        "f1": 0.7637906647807637
      },
      "joy": {
        "precision": 0.8232558139534883,
        "recall": 0.7108433734939759,
        "f1": 0.7629310344827587
      },
      "sadness": {
        "precision": 0.6884422110552764,
        "recall": 0.6919191919191919,
        "f1": 0.690176322418136
      },
      "neutral": {
        "precision": 0.510250569476082,
        "recall": 0.6086956521739131,
        "f1": 0.5551425030978935
      }
    },
    "support": {
      "anger": 709,
      "joy": 498,
      "sadness": 198,
      "neutral": 368
    }
  }
}