{
  "dataset": "IEMOCAP4_HF_E2E_CV",
  "modalities": [
    "A",
    "T"
  ],
  "num_classes": 4,
  "num_samples": 2122,
  "metrics": {
    "accuracy": 0.7205466540999057,
    "macro_f1": 0.6954503559006266,
    "weighted_f1": 0.726281480844056,
    "uar": 0.7069028546059777,
    "per_class": {
      "anger": {
        "precision": 0.8364611260053619,
        "recall": 0.7264260768335273,
        "f1": 0.7775700934579439
      },
      "joy": {
        "precision": 0.8,
        "recall": 0.7882736156351792,
        "f1": 0.7940935192780968
      },
      "sadness": {
        "precision": 0.6205673758865248,
        "recall": 0.691699604743083,
        "f1": 0.6542056074766355
      },
      "neutral": {
        "precision": 0.5030674846625767,
        "recall": 0.6212121212121212,
        "f1": 0.5559322033898305
      }
    },
    "support": {
      "anger": 859,
      "joy": 614,
      "sadness": 253,
      "neutral": 396
    }
  }
}