{
  "dataset": "MER_BUILDER_AT_HF_E2E_MELD_FT_CTX7_A15",
  "modalities": [
    "A",
    "T"
  ],
  "num_classes": 7,
  "num_samples": 2610,
  "metrics": {
    "accuracy": 0.6199233716475095,
    "macro_f1": 0.43326136225950734,
    "weighted_f1": 0.6115692483676853,
    "uar": 0.42573950800123994,
    "per_class": {
      "anger": {
        "precision": 0.46557377049180326,
        "recall": 0.4115942028985507,
        "f1": 0.4369230769230769
      },
      "disgust": {
        "precision": 0.23404255319148937,
        "recall": 0.16176470588235295,
        "f1": 0.19130434782608696
      },
      "fear": {
        "precision": 0.21052631578947367,
        "recall": 0.16,
        "f1": 0.18181818181818182
      },
      "joy": {
        "precision": 0.6058981233243967,
        "recall": 0.5621890547263682,
        "f1": 0.5832258064516129
      },
      "neutral": {
        "precision": 0.7453600593912398,
        "recall": 0.7993630573248408,
        "f1": 0.771417595082597
      },
      "sadness": {
        "precision": 0.36470588235294116,
        "recall": 0.2980769230769231,
        "f1": 0.328042328042328
      },
      "surprise": {
        "precision": 0.5,
        "recall": 0.5871886120996441,
        "f1": 0.5400981996726678
      }
    },
    "support": {
      "anger": 345,
      "disgust": 68,
      "fear": 50,
      "joy": 402,
      "neutral": 1256,
      "sadness": 208,
      "surprise": 281
    }
  }
}