{
  "dataset": "MER_BUILDER_AT_HF_E2E_MELD_FT_CTX3_A20",
  "modalities": [
    "A",
    "T"
  ],
  "num_classes": 7,
  "num_samples": 2610,
  "metrics": {
    "accuracy": 0.5969348659003831,
    "macro_f1": 0.42679217536722913,
    "weighted_f1": 0.5975500834180263,
    "uar": 0.4374920601857096,
    "per_class": {
      "anger": {
        "precision": 0.5076923076923077,
        "recall": 0.3826086956521739,
        "f1": 0.43636363636363634
      },
      "disgust": {
        "precision": 0.17391304347826086,
        "recall": 0.23529411764705882,
        "f1": 0.2
      },
      "fear": {
        "precision": 0.14942528735632185,
        "recall": 0.26,
        "f1": 0.1897810218978102
      },
      "joy": {
        "precision": 0.513671875,
        "recall": 0.654228855721393,
        "f1": 0.5754923413566739
      },
      "neutral": {
        "precision": 0.7599674532139952,
        "recall": 0.7436305732484076,
        "f1": 0.7517102615694164
      },
      "sadness": {
        "precision": 0.379746835443038,
        "recall": 0.28846153846153844,
        "f1": 0.32786885245901637
      },
      "surprise": {
        "precision": 0.5147058823529411,
        "recall": 0.498220640569395,
        "f1": 0.5063291139240507
      }
    },
    "support": {
      "anger": 345,
      "disgust": 68,
      "fear": 50,
      "joy": 402,
      "neutral": 1256,
      "sadness": 208,
      "surprise": 281
    }
  }
}