{
  "dataset": "IEMOCAP4_HF_E2E_CV",
  "modalities": [
    "A"
  ],
  "num_classes": 4,
  "num_samples": 1773,
  "metrics": {
    "accuracy": 0.6542583192329385,
    "macro_f1": 0.624596623588751,
    "weighted_f1": 0.648339316315366,
    "uar": 0.6334599675230241,
    "per_class": {
      "anger": {
        "precision": 0.7097661623108665,
        "recall": 0.7277856135401974,
        "f1": 0.7186629526462396
      },
      "joy": {
        "precision": 0.6809701492537313,
        "recall": 0.7329317269076305,
        "f1": 0.7059961315280464
      },
      "sadness": {
        "precision": 0.5818965517241379,
        "recall": 0.6818181818181818,
        "f1": 0.627906976744186
      },
      "neutral": {
        "precision": 0.5179856115107914,
        "recall": 0.391304347826087,
        "f1": 0.4458204334365325
      }
    },
    "support": {
      "anger": 709,
      "joy": 498,
      "sadness": 198,
      "neutral": 368
    }
  }
}