{
  "dataset": "IEMOCAP4_HF_E2E_CV",
  "modalities": [
    "T"
  ],
  "num_classes": 4,
  "num_samples": 1773,
  "metrics": {
    "accuracy": 0.6954314720812182,
    "macro_f1": 0.6681679422138077,
    "weighted_f1": 0.6995565336352741,
    "uar": 0.6827579398216356,
    "per_class": {
      "anger": {
        "precision": 0.7887537993920972,
        "recall": 0.7320169252468265,
        "f1": 0.75932699341624
      },
      "joy": {
        "precision": 0.796137339055794,
        "recall": 0.7449799196787149,
        "f1": 0.7697095435684648
      },
      "sadness": {
        "precision": 0.5287356321839081,
        "recall": 0.696969696969697,
        "f1": 0.6013071895424836
      },
      "neutral": {
        "precision": 0.5283505154639175,
        "recall": 0.5570652173913043,
        "f1": 0.5423280423280423
      }
    },
    "support": {
      "anger": 709,
      "joy": 498,
      "sadness": 198,
      "neutral": 368
    }
  }
}