epoch,loss,accuracy,wf1,uar,lr,time_epoch_sec
1,1.1713365795025839,0.616870876531574,0.6251764452178833,0.608284597146449,2e-05,81.5948203125
2,1.1898288218959336,0.5956644674835061,0.6024773630750108,0.6218597802706697,2e-05,49.28171875
3,1.1680834652341614,0.6310084825636192,0.6477024059205904,0.6487497712871241,2e-05,48.8813046875
4,1.1072947672242606,0.6654099905749293,0.666917007763103,0.647439848990357,2e-05,49.46667578125
5,1.2126859236617453,0.6432610744580585,0.6519239049667437,0.6392573193961487,2e-05,48.9253984375
6,1.2248578507533958,0.6536286522148916,0.6522404256801045,0.6053625308312635,1e-05,49.19957421875
7,1.227109369020435,0.6555136663524976,0.6653363983431587,0.6458940570817011,1e-05,48.8394453125
8,1.2776898927670621,0.6573986804901036,0.6629463159055221,0.6323472575524068,1e-05,50.33690625
