epoch,loss,accuracy,wf1,uar,lr,time_epoch_sec,optimizer_steps
1,1.3914909081826226,0.42065556711758584,0.4423736214982648,0.4213948098172806,2e-05,81.5948203125,241.0
2,1.0922049020691296,0.6289021852237253,0.6393680406627511,0.6303287069222596,2e-05,49.28171875,241.0
3,0.9697771105260184,0.7060353798126952,0.7134851940110204,0.7160726528491205,2e-05,48.8813046875,241.0
4,0.8793739636160208,0.7618366285119667,0.7677918622918969,0.7703546115180546,2e-05,49.46667578125,241.0
5,0.8236138054967299,0.7935744016649323,0.797660403699623,0.80381836925649,2e-05,48.9253984375,241.0
6,0.7801229692336548,0.8172476586888657,0.820522109429376,0.8222307094350498,1e-05,49.19957421875,241.0
7,0.7110962926659202,0.850936524453694,0.8528782048967612,0.8551860757520003,1e-05,48.8394453125,241.0
8,0.6917867816511724,0.8582206035379812,0.8604099130007,0.8632307529953431,1e-05,50.33690625,241.0
