epoch,loss,accuracy,wf1,uar,lr,time_epoch_sec
1,1.0899563325416446,0.7043141056713524,0.692132151644417,0.5723172305203932,2e-05,283.85915625
2,1.1052180792715616,0.6970431410567135,0.6980825393558108,0.6696459180898731,2e-05,251.992734375
3,1.0521463755259974,0.7333979641299079,0.7283463968251402,0.6777442990630056,2e-05,253.148375
4,1.0364786705748872,0.7028599127484246,0.7186986114667064,0.6831074255693711,2e-05,251.46290625
5,1.0859744718972768,0.7280659234125061,0.7313838614626941,0.676944343214371,2e-05,251.261671875
6,1.0947367319827281,0.7203102278235579,0.7284270953152758,0.6921667823316068,2e-05,252.323640625
7,1.2394785182139738,0.6820164808531265,0.6998704444513523,0.6887096307772473,2e-05,254.2653125
8,1.1724498357752025,0.7212796897721765,0.7223369213128655,0.644402941841934,2e-05,252.8033125
9,1.1995230816951148,0.7309743092583616,0.724234067062447,0.6035988187764281,1e-05,254.88740625
