epoch,loss,accuracy,wf1,uar,lr,time_epoch_sec
1,1.1161422321822998,0.6820164808531265,0.6756156362754338,0.5625192578862903,2e-05,286.2181875
2,1.0666093276763968,0.6965584100824043,0.7034073149293045,0.680989859118662,2e-05,254.891609375
3,1.0191473267752167,0.7518177411536597,0.7494245851241185,0.6873170015988196,2e-05,250.3261875
4,1.0943214172191316,0.7358216190014542,0.7285899589669621,0.6773341398960444,2e-05,251.763390625
5,1.0990447417602225,0.7130392632089191,0.7311063044363119,0.6797957528342615,2e-05,252.5864375
6,1.0903825551863728,0.726126999515269,0.7216748065753933,0.6517830390511147,1e-05,251.25096875
7,1.1295573570401243,0.7285506543868153,0.7251562595399499,0.6749477778994831,1e-05,253.6008125
