{
  "dataset": "MER_BUILDER_AT_MFCC80_ROBUST_MODDROP",
  "modalities": [
    "A",
    "T"
  ],
  "num_classes": 7,
  "num_samples": 10247,
  "metrics": {
    "accuracy": 0.7547574899970723,
    "macro_f1": 0.7447345432597066,
    "weighted_f1": 0.7565056987180283,
    "uar": 0.7512439422251702,
    "per_class": {
      "anger": {
        "precision": 0.7121718377088305,
        "recall": 0.8812758417011223,
        "f1": 0.7877507919746568
      },
      "disgust": {
        "precision": 0.6573161485974223,
        "recall": 0.5626216742375081,
        "f1": 0.6062937062937063
      },
      "fear": {
        "precision": 0.5020325203252033,
        "recall": 0.7087517934002869,
        "f1": 0.5877453896490185
      },
      "joy": {
        "precision": 0.8331117021276596,
        "recall": 0.7370588235294118,
        "f1": 0.782147315855181
      },
      "neutral": {
        "precision": 0.8172338090010977,
        "recall": 0.7635897435897436,
        "f1": 0.7895015906680806
      },
      "sadness": {
        "precision": 0.7624573378839591,
        "recall": 0.7955840455840456,
        "f1": 0.7786685256186825
      },
      "surprise": {
        "precision": 0.9659735349716446,
        "recall": 0.8098256735340729,
        "f1": 0.8810344827586207
      }
    },
    "support": {
      "anger": 1693,
      "disgust": 1541,
      "fear": 697,
      "joy": 1700,
      "neutral": 1950,
      "sadness": 1404,
      "surprise": 1262
    }
  }
}