epoch,loss,accuracy,wf1,uar,lr,time_epoch_sec
1,0.9443418752531959,0.8733612273361228,0.872334612119543,0.8617551614488014,2e-05,1955.78575
2,0.9148655980423627,0.8874012087401209,0.8877474833302442,0.8772123329832633,2e-05,1921.30475
3,0.8641372943024256,0.904695490469549,0.9050080009500197,0.8976956206806286,2e-05,1897.39275
4,0.9212260178885644,0.8852626685262669,0.8854996591682521,0.8755515543876272,2e-05,1871.042875
5,0.8740074018942151,0.899953509995351,0.8997202105826295,0.8858894376775671,2e-05,1869.388875
6,0.897811722334237,0.894746629474663,0.8948991848029528,0.8791300454643973,1e-05,1869.274625
7,0.8719406362136316,0.905532310553231,0.9058806050383027,0.8966121994320638,1e-05,1868.841
