epoch,loss,accuracy,wf1,uar,lr,time_epoch_sec,optimizer_steps
1,0.6231852668740839,0.9767299530341533,0.9767369236733757,0.9747188093637843,2e-05,1955.78575,2349.0
2,0.6236448684239077,0.9773552773379811,0.9773635089201278,0.9737612677996859,2e-05,1921.30475,2349.0
3,0.6186255695181913,0.9787655832146991,0.9787782281525572,0.9757343243746844,2e-05,1897.39275,2349.0
4,0.6154427386128302,0.9811471374782135,0.9811491588698772,0.9786890942655366,2e-05,1871.042875,2349.0
5,0.6130237514595112,0.9809342611194636,0.9809394233959493,0.9783613775474561,2e-05,1869.388875,2349.0
6,0.6112517950203684,0.9815994997405569,0.9816052033046231,0.9791228044149526,1e-05,1869.274625,2349.0
7,0.5925060141275478,0.989542448876412,0.9895434678404561,0.9875849068727415,1e-05,1868.841,2349.0
