epoch,loss,accuracy,wf1,uar,lr,time_epoch_sec
1,1.9751920388344713,0.43192064923354373,0.4611661136973191,0.38431711304980803,1e-05,302.3739375
2,1.9383345122161053,0.5103697024346258,0.5306556806938859,0.4437049666654924,1e-05,405.061375
3,1.9093732753242858,0.49413886384129846,0.5181200099070952,0.4664772935741631,1e-05,428.23521875
4,1.893842382405232,0.5302073940486925,0.5477570251485808,0.4907365506094745,1e-05,428.306375
5,1.9357026571406235,0.5157799819657349,0.5359297505829064,0.4646047542773895,1e-05,436.88209375
6,1.9791917765430764,0.5329125338142471,0.543601982885604,0.46854065286407864,5e-06,488.32225
7,1.9880197320143524,0.5437330928764653,0.5614090443896801,0.48221993654090517,5e-06,412.2678125
