epoch,loss,accuracy,wf1,uar,lr,time_epoch_sec,optimizer_steps
1,2.162685497194478,0.3749124036440084,0.39581913323362317,0.3164336316661918,1e-05,302.3739375,313.0
2,1.9504476570966116,0.5205726298928822,0.5508353855848299,0.4293202530302887,1e-05,405.061375,313.0
3,1.8530045061190692,0.5789368305135649,0.6041876191493062,0.49676577294625485,1e-05,428.23521875,313.0
4,1.763374638445254,0.6081689858844729,0.6300820191261955,0.5552463124686905,1e-05,428.306375,313.0
5,1.672930060092698,0.6553208529382321,0.6717860451290875,0.626776564486969,1e-05,436.88209375,313.0
6,1.5960453217518151,0.6812493743117429,0.6949375090762161,0.6760759824058773,5e-06,488.32225,313.0
7,1.480574869515242,0.7264991490639704,0.735100032756378,0.7335838819251573,5e-06,412.2678125,313.0
