{
  "dataset": "MER_BUILDER_AT_MFCC80_ROBUST_MODDROP_EMA",
  "modalities": [
    "A",
    "T"
  ],
  "num_classes": 7,
  "num_samples": 2610,
  "metrics": {
    "accuracy": 0.4272030651340996,
    "macro_f1": 0.26570895141516276,
    "weighted_f1": 0.42240917777345777,
    "uar": 0.2640995347609186,
    "per_class": {
      "anger": {
        "precision": 0.2608695652173913,
        "recall": 0.24347826086956523,
        "f1": 0.2518740629685157
      },
      "disgust": {
        "precision": 0.125,
        "recall": 0.07352941176470588,
        "f1": 0.09259259259259259
      },
      "fear": {
        "precision": 0.0684931506849315,
        "recall": 0.1,
        "f1": 0.08130081300813008
      },
      "joy": {
        "precision": 0.3009049773755656,
        "recall": 0.3308457711442786,
        "f1": 0.31516587677725116
      },
      "neutral": {
        "precision": 0.5780654988575781,
        "recall": 0.6042993630573248,
        "f1": 0.590891397430907
      },
      "sadness": {
        "precision": 0.19230769230769232,
        "recall": 0.14423076923076922,
        "f1": 0.16483516483516483
      },
      "surprise": {
        "precision": 0.375,
        "recall": 0.35231316725978645,
        "f1": 0.363302752293578
      }
    },
    "support": {
      "anger": 345,
      "disgust": 68,
      "fear": 50,
      "joy": 402,
      "neutral": 1256,
      "sadness": 208,
      "surprise": 281
    }
  }
}