epoch,loss,accuracy,wf1,uar
1,1.2482574939727784,0.7,0.8235294117647058,0.175
