epoch,loss,accuracy,wf1,uar
1,1.1479511737823487,0.7,0.8235294117647058,0.175
