epoch,loss,accuracy,wf1,uar,lr,time_epoch_sec
1,1.4268335280948714,0.439679547596607,0.42088076282840503,0.4706240156191078,2e-05,250.077171875
2,1.1713014806249475,0.589066918001885,0.5917700749712894,0.5833289652252861,2e-05,219.024375
3,1.2954126584653467,0.6008482563619227,0.583022005226442,0.5175747288934422,2e-05,218.46178125
4,1.1523069859562225,0.6154571159283695,0.6244893891182943,0.6178255827386083,2e-05,216.469546875
5,1.125331360478091,0.649387370405278,0.6509196713844954,0.614487055358742,2e-05,218.1574375
6,1.1545228253660282,0.6295947219604147,0.6251362575603361,0.5986213152496546,2e-05,219.10740625
7,1.1960152264027861,0.6291234684260132,0.638215045773085,0.6110554310823266,1e-05,218.892296875
8,1.2183323607593073,0.6305372290292177,0.6387911786834858,0.6179410668264163,1e-05,219.04559375
9,1.2988200732607755,0.6083883129123469,0.6148464820289569,0.5704897773419357,1e-05,218.767703125
