{
  "dataset": "MER_BUILDER_AT_MFCC80_ROBUST_MODDROP_EMA",
  "modalities": [
    "A",
    "T"
  ],
  "num_classes": 7,
  "num_samples": 2610,
  "metrics": {
    "accuracy": 0.4444444444444444,
    "macro_f1": 0.24826128554773733,
    "weighted_f1": 0.42500654559934337,
    "uar": 0.24444824759035802,
    "per_class": {
      "anger": {
        "precision": 0.2916666666666667,
        "recall": 0.2028985507246377,
        "f1": 0.23931623931623933
      },
      "disgust": {
        "precision": 0.05714285714285714,
        "recall": 0.029411764705882353,
        "f1": 0.038834951456310676
      },
      "fear": {
        "precision": 0.03636363636363636,
        "recall": 0.04,
        "f1": 0.0380952380952381
      },
      "joy": {
        "precision": 0.3054054054054054,
        "recall": 0.2810945273631841,
        "f1": 0.2927461139896373
      },
      "neutral": {
        "precision": 0.5650433622414943,
        "recall": 0.6743630573248408,
        "f1": 0.6148820326678766
      },
      "sadness": {
        "precision": 0.2222222222222222,
        "recall": 0.1346153846153846,
        "f1": 0.16766467065868262
      },
      "surprise": {
        "precision": 0.34385964912280703,
        "recall": 0.3487544483985765,
        "f1": 0.3462897526501767
      }
    },
    "support": {
      "anger": 345,
      "disgust": 68,
      "fear": 50,
      "joy": 402,
      "neutral": 1256,
      "sadness": 208,
      "surprise": 281
    }
  }
}