{
  "dataset": "MER_BUILDER_AT_MFCC80_ROBUST",
  "modalities": [
    "A",
    "T"
  ],
  "num_classes": 7,
  "num_samples": 2610,
  "metrics": {
    "accuracy": 0.43754789272030653,
    "macro_f1": 0.2531301074706262,
    "weighted_f1": 0.4253582927723948,
    "uar": 0.2500173993345981,
    "per_class": {
      "anger": {
        "precision": 0.2689655172413793,
        "recall": 0.22608695652173913,
        "f1": 0.24566929133858267
      },
      "disgust": {
        "precision": 0.06,
        "recall": 0.04411764705882353,
        "f1": 0.05084745762711865
      },
      "fear": {
        "precision": 0.05084745762711865,
        "recall": 0.06,
        "f1": 0.05504587155963303
      },
      "joy": {
        "precision": 0.3034300791556728,
        "recall": 0.2860696517412935,
        "f1": 0.29449423815621
      },
      "neutral": {
        "precision": 0.5765702187720536,
        "recall": 0.6504777070063694,
        "f1": 0.6112981668537224
      },
      "sadness": {
        "precision": 0.1917808219178082,
        "recall": 0.1346153846153846,
        "f1": 0.15819209039548024
      },
      "surprise": {
        "precision": 0.3643122676579926,
        "recall": 0.3487544483985765,
        "f1": 0.3563636363636364
      }
    },
    "support": {
      "anger": 345,
      "disgust": 68,
      "fear": 50,
      "joy": 402,
      "neutral": 1256,
      "sadness": 208,
      "surprise": 281
    }
  }
}