{
  "dataset": "MER_BUILDER_AT_HF_E2E_MELD_FT_CTX9_A20",
  "modalities": [
    "A",
    "T"
  ],
  "num_classes": 7,
  "num_samples": 2610,
  "metrics": {
    "accuracy": 0.5770114942528736,
    "macro_f1": 0.42549139605309566,
    "weighted_f1": 0.5842466491618714,
    "uar": 0.4470439537134592,
    "per_class": {
      "anger": {
        "precision": 0.5,
        "recall": 0.4057971014492754,
        "f1": 0.448
      },
      "disgust": {
        "precision": 0.20224719101123595,
        "recall": 0.2647058823529412,
        "f1": 0.22929936305732485
      },
      "fear": {
        "precision": 0.13392857142857142,
        "recall": 0.3,
        "f1": 0.18518518518518517
      },
      "joy": {
        "precision": 0.4835766423357664,
        "recall": 0.6592039800995025,
        "f1": 0.5578947368421052
      },
      "neutral": {
        "precision": 0.7708146821844225,
        "recall": 0.6855095541401274,
        "f1": 0.7256637168141593
      },
      "sadness": {
        "precision": 0.3712574850299401,
        "recall": 0.2980769230769231,
        "f1": 0.33066666666666666
      },
      "surprise": {
        "precision": 0.4882154882154882,
        "recall": 0.5160142348754448,
        "f1": 0.5017301038062284
      }
    },
    "support": {
      "anger": 345,
      "disgust": 68,
      "fear": 50,
      "joy": 402,
      "neutral": 1256,
      "sadness": 208,
      "surprise": 281
    }
  }
}