epoch,loss,accuracy,wf1,uar,lr,time_epoch_sec
1,1.2450508456076346,0.5625353706847764,0.5591680425582326,0.558848922561455,2e-05,83.691609375
2,1.2377077163648795,0.6174306734578382,0.5893686107462407,0.5808671003966588,2e-05,50.0824453125
3,1.173517679722888,0.642331635540464,0.62825379443806,0.5907098192785358,2e-05,49.68672265625
4,1.2488610868610497,0.6049801924165252,0.6130736890078882,0.6066896608697103,2e-05,49.87226953125
5,1.208419834683693,0.6213921901528013,0.6134515851908803,0.5960271861609457,2e-05,49.212578125
6,1.3106834755553725,0.5981890209394454,0.5949794601073177,0.5787377889498443,2e-05,49.63958984375
7,1.3369713739007627,0.6185625353706847,0.6105795823897702,0.5853666975877112,1e-05,49.05693359375
