{
  "dataset": "IEMOCAP4_HF_E2E_CV",
  "modalities": [
    "T"
  ],
  "num_classes": 4,
  "num_samples": 2122,
  "metrics": {
    "accuracy": 0.65315739868049,
    "macro_f1": 0.6280384780186058,
    "weighted_f1": 0.6635695889535571,
    "uar": 0.6367563166516541,
    "per_class": {
      "anger": {
        "precision": 0.7626459143968871,
        "recall": 0.6845168800931315,
        "f1": 0.7214723926380369
      },
      "joy": {
        "precision": 0.811284046692607,
        "recall": 0.6791530944625407,
        "f1": 0.7393617021276596
      },
      "sadness": {
        "precision": 0.5381944444444444,
        "recall": 0.6126482213438735,
        "f1": 0.5730129390018485
      },
      "neutral": {
        "precision": 0.4116575591985428,
        "recall": 0.5707070707070707,
        "f1": 0.4783068783068783
      }
    },
    "support": {
      "anger": 859,
      "joy": 614,
      "sadness": 253,
      "neutral": 396
    }
  }
}