{
  "dataset": "IEMOCAP4_HF_E2E_CV",
  "modalities": [
    "A"
  ],
  "num_classes": 4,
  "num_samples": 1773,
  "metrics": {
    "accuracy": 0.6542583192329385,
    "macro_f1": 0.6378486861065433,
    "weighted_f1": 0.6513718211078403,
    "uar": 0.6559951897443359,
    "per_class": {
      "anger": {
        "precision": 0.7931654676258992,
        "recall": 0.6220028208744711,
        "f1": 0.6972332015810276
      },
      "joy": {
        "precision": 0.6225266362252664,
        "recall": 0.821285140562249,
        "f1": 0.7082251082251082
      },
      "sadness": {
        "precision": 0.6170212765957447,
        "recall": 0.7323232323232324,
        "f1": 0.6697459584295612
      },
      "neutral": {
        "precision": 0.5076923076923077,
        "recall": 0.4483695652173913,
        "f1": 0.47619047619047616
      }
    },
    "support": {
      "anger": 709,
      "joy": 498,
      "sadness": 198,
      "neutral": 368
    }
  }
}