{
  "dataset": "IEMOCAP4_HF_E2E_CV",
  "modalities": [
    "T"
  ],
  "num_classes": 4,
  "num_samples": 2063,
  "metrics": {
    "accuracy": 0.6587493940862821,
    "macro_f1": 0.5668073399669837,
    "weighted_f1": 0.673408000036819,
    "uar": 0.6371444913237266,
    "per_class": {
      "anger": {
        "precision": 0.8531390134529148,
        "recall": 0.6806797853309481,
        "f1": 0.7572139303482587
      },
      "joy": {
        "precision": 0.718132854578097,
        "recall": 0.7393715341959335,
        "f1": 0.7285974499089253
      },
      "sadness": {
        "precision": 0.3295774647887324,
        "recall": 0.8181818181818182,
        "f1": 0.46987951807228917
      },
      "neutral": {
        "precision": 0.3127413127413127,
        "recall": 0.3103448275862069,
        "f1": 0.31153846153846154
      }
    },
    "support": {
      "anger": 1118,
      "joy": 541,
      "sadness": 143,
      "neutral": 261
    }
  }
}