{
  "dataset": "MER_BUILDER_AT_HF_E2E_MELD_FT_CTX9_A20",
  "modalities": [
    "A",
    "T"
  ],
  "num_classes": 7,
  "num_samples": 2610,
  "metrics": {
    "accuracy": 0.5800766283524904,
    "macro_f1": 0.43557406799295884,
    "weighted_f1": 0.5870420739891529,
    "uar": 0.4639006029904709,
    "per_class": {
      "anger": {
        "precision": 0.5056179775280899,
        "recall": 0.391304347826087,
        "f1": 0.4411764705882353
      },
      "disgust": {
        "precision": 0.21621621621621623,
        "recall": 0.35294117647058826,
        "f1": 0.2681564245810056
      },
      "fear": {
        "precision": 0.16037735849056603,
        "recall": 0.34,
        "f1": 0.21794871794871795
      },
      "joy": {
        "precision": 0.4887640449438202,
        "recall": 0.6492537313432836,
        "f1": 0.5576923076923077
      },
      "neutral": {
        "precision": 0.7741071428571429,
        "recall": 0.6902866242038217,
        "f1": 0.7297979797979798
      },
      "sadness": {
        "precision": 0.3885350318471338,
        "recall": 0.2932692307692308,
        "f1": 0.33424657534246577
      },
      "surprise": {
        "precision": 0.473015873015873,
        "recall": 0.5302491103202847,
        "f1": 0.5
      }
    },
    "support": {
      "anger": 345,
      "disgust": 68,
      "fear": 50,
      "joy": 402,
      "neutral": 1256,
      "sadness": 208,
      "surprise": 281
    }
  }
}