{
  "dataset": "MER_BUILDER_AT_HF_E2E_MELD_FT_CTX9_A20",
  "modalities": [
    "T"
  ],
  "num_classes": 7,
  "num_samples": 2610,
  "metrics": {
    "accuracy": 0.6011494252873564,
    "macro_f1": 0.4163333793117508,
    "weighted_f1": 0.593213719231145,
    "uar": 0.4218038651763494,
    "per_class": {
      "anger": {
        "precision": 0.5144230769230769,
        "recall": 0.3101449275362319,
        "f1": 0.38698010849909587
      },
      "disgust": {
        "precision": 0.21333333333333335,
        "recall": 0.23529411764705882,
        "f1": 0.22377622377622378
      },
      "fear": {
        "precision": 0.16417910447761194,
        "recall": 0.22,
        "f1": 0.18803418803418803
      },
      "joy": {
        "precision": 0.5530474040632054,
        "recall": 0.6094527363184079,
        "f1": 0.5798816568047337
      },
      "neutral": {
        "precision": 0.7482889733840304,
        "recall": 0.7834394904458599,
        "f1": 0.7654609101516919
      },
      "sadness": {
        "precision": 0.3602941176470588,
        "recall": 0.23557692307692307,
        "f1": 0.28488372093023256
      },
      "surprise": {
        "precision": 0.42896174863387976,
        "recall": 0.5587188612099644,
        "f1": 0.4853168469860896
      }
    },
    "support": {
      "anger": 345,
      "disgust": 68,
      "fear": 50,
      "joy": 402,
      "neutral": 1256,
      "sadness": 208,
      "surprise": 281
    }
  }
}