{
  "dataset": "IEMOCAP4_HF_E2E_CV",
  "modalities": [
    "A"
  ],
  "num_classes": 4,
  "num_samples": 2063,
  "metrics": {
    "accuracy": 0.6800775569558895,
    "macro_f1": 0.621524019760358,
    "weighted_f1": 0.6908516673260826,
    "uar": 0.6451177599940174,
    "per_class": {
      "anger": {
        "precision": 0.8180914512922465,
        "recall": 0.7361359570661896,
        "f1": 0.7749529190207156
      },
      "joy": {
        "precision": 0.693069306930693,
        "recall": 0.6469500924214417,
        "f1": 0.6692160611854685
      },
      "sadness": {
        "precision": 0.5847953216374269,
        "recall": 0.6993006993006993,
        "f1": 0.6369426751592356
      },
      "neutral": {
        "precision": 0.34120734908136485,
        "recall": 0.49808429118773945,
        "f1": 0.40498442367601245
      }
    },
    "support": {
      "anger": 1118,
      "joy": 541,
      "sadness": 143,
      "neutral": 261
    }
  }
}