epoch,loss,accuracy,wf1,uar
1,1.128024309873581,0.2916666666666667,0.30078259373925004,0.2972582972582972
