{
  "dataset": "IEMOCAP",
  "modalities": [
    "A",
    "T"
  ],
  "num_classes": 3,
  "num_samples": 12,
  "metrics": {
    "accuracy": 0.5833333333333334,
    "macro_f1": 0.5888888888888889,
    "weighted_f1": 0.5805555555555556,
    "uar": 0.6333333333333333,
    "per_class": {
      "0": {
        "precision": 0.42857142857142855,
        "recall": 1.0,
        "f1": 0.6
      },
      "1": {
        "precision": 0.6666666666666666,
        "recall": 0.4,
        "f1": 0.5
      },
      "2": {
        "precision": 1.0,
        "recall": 0.5,
        "f1": 0.6666666666666666
      }
    },
    "support": {
      "0": 3,
      "1": 5,
      "2": 4
    }
  }
}