epoch,loss,accuracy,wf1,uar
1,1.0274811188379924,0.5833333333333334,0.5805555555555556,0.6333333333333333
