epoch,loss,accuracy,wf1,uar,lr,time_epoch_sec
1,1.1357927719415815,0.64692611393119,0.6431002172496284,0.6068869327366422,2e-05,83.2615703125
2,1.1255260999432675,0.6153412295544275,0.6260472306742376,0.6491550476459804,2e-05,51.35149609375
3,1.1023773014780767,0.6717428087986463,0.6778069108650885,0.6856603097528118,2e-05,49.71861328125
4,1.120544398328509,0.6790750141003948,0.685394464883045,0.6524089315762001,2e-05,50.6516328125
5,1.1518731154900652,0.664410603496898,0.673273842790886,0.6623966978573221,2e-05,51.73241015625
6,1.164388084841931,0.6717428087986463,0.6793310797835892,0.6607164775167204,1e-05,51.815921875
7,1.1700707023182766,0.6666666666666666,0.6745891035092735,0.6560249966782248,1e-05,51.55072265625
8,1.22150951815539,0.6751269035532995,0.679336380892965,0.6598718553298771,1e-05,50.63290234375
