epoch,loss,accuracy,wf1,uar,lr,time_epoch_sec
1,1.2083101868965636,0.5487873660462493,0.5629046531593009,0.5895936815100762,2e-05,83.935546875
2,1.1237950790284787,0.643542019176537,0.6590119434197858,0.6582328432671987,2e-05,52.4579453125
3,1.1499568212523141,0.6604624929498026,0.6694248965414452,0.6580176744121717,2e-05,52.96225390625
4,1.160533921266772,0.6649746192893401,0.6730809260261783,0.6425289682481579,2e-05,50.922671875
5,1.1113423769983677,0.6954314720812182,0.6995565336352741,0.6827579398216356,2e-05,52.4805703125
6,1.1805126742326937,0.6734348561759729,0.6745703340210348,0.6675403331634908,2e-05,50.61579296875
7,1.1957197531225718,0.6988155668358714,0.6929854013647379,0.652778905854794,2e-05,52.65391015625
8,1.1795231545637102,0.6739988719684151,0.6780696814163995,0.6624180770973721,1e-05,51.0556640625
9,1.1940219519976096,0.6785109983079526,0.6807906316118129,0.6560316408349577,1e-05,53.264546875
