{
  "dataset": "MER_BUILDER_AT_MFCC80_ROBUST_MODDROP_EMA",
  "modalities": [
    "A",
    "T"
  ],
  "num_classes": 7,
  "num_samples": 11108,
  "metrics": {
    "accuracy": 0.7539611091105509,
    "macro_f1": 0.752125013841014,
    "weighted_f1": 0.7645618205484799,
    "uar": 0.7556760608633556,
    "per_class": {
      "anger": {
        "precision": 0.8585157501334757,
        "recall": 0.7952522255192879,
        "f1": 0.8256739409499358
      },
      "disgust": {
        "precision": 0.48858075040783033,
        "recall": 0.7764095917044718,
        "f1": 0.5997496871088861
      },
      "fear": {
        "precision": 0.523517382413088,
        "recall": 0.7211267605633803,
        "f1": 0.6066350710900474
      },
      "joy": {
        "precision": 0.8785900783289817,
        "recall": 0.7102902374670185,
        "f1": 0.7855266997373797
      },
      "neutral": {
        "precision": 0.8393839383938394,
        "recall": 0.6974405850091407,
        "f1": 0.7618572141787319
      },
      "sadness": {
        "precision": 0.8333333333333334,
        "recall": 0.7937584803256446,
        "f1": 0.8130646282140376
      },
      "surprise": {
        "precision": 0.9657469077069457,
        "recall": 0.7954545454545454,
        "f1": 0.8723678556080791
      }
    },
    "support": {
      "anger": 2022,
      "disgust": 1543,
      "fear": 710,
      "joy": 1895,
      "neutral": 2188,
      "sadness": 1474,
      "surprise": 1276
    }
  }
}