{
  "dataset": "IEMOCAP4_HF_E2E_CV",
  "modalities": [
    "A",
    "T"
  ],
  "num_classes": 4,
  "num_samples": 1767,
  "metrics": {
    "accuracy": 0.6808149405772496,
    "macro_f1": 0.6548506911264209,
    "weighted_f1": 0.6817893503749186,
    "uar": 0.6918183347165604,
    "per_class": {
      "anger": {
        "precision": 0.8108527131782945,
        "recall": 0.7314685314685314,
        "f1": 0.7691176470588236
      },
      "joy": {
        "precision": 0.7833333333333333,
        "recall": 0.7376681614349776,
        "f1": 0.7598152424942263
      },
      "sadness": {
        "precision": 0.48257372654155495,
        "recall": 0.8695652173913043,
        "f1": 0.6206896551724138
      },
      "neutral": {
        "precision": 0.5197568389057751,
        "recall": 0.42857142857142855,
        "f1": 0.4697802197802198
      }
    },
    "support": {
      "anger": 715,
      "joy": 446,
      "sadness": 207,
      "neutral": 399
    }
  }
}