epoch,loss,accuracy,wf1,uar,lr,time_epoch_sec
1,0.7940424479470115,0.9099858021769995,0.9099048408680352,0.8958260501259899,2e-05,1721.419875
2,0.7805689505531052,0.9137718883104591,0.9136844442930896,0.9019286321235022,2e-05,1748.350625
3,0.8172341177602318,0.9003312825366777,0.900153268979496,0.886827718148092,2e-05,1769.037875
4,0.811564140471022,0.9032654992901088,0.9028609021988357,0.8863605393383993,2e-05,1703.14225
5,0.8562746949744235,0.8928537624230951,0.8921691419019261,0.8792221625638275,1e-05,1734.4585
6,0.8068012501637178,0.9086606720302887,0.90852781604755,0.8965234047908737,1e-05,1737.57975
